<?xml version="1.0" encoding="UTF-8" standalone="yes"?>
<Pathway Author="Charles H. Redfern, Nathan Salomonis" Availability="2000, Gladstone Institutes" Data-Source="GenMAPP 2.0" Email="nsalomonis@gladstone.ucsf.edu" Last-Modified="2/12/02" Maintained-By="" Name="Fatty Acid Degradation" Version="20041103" xsi:schemaLocation="http://www.genmapp.org/Ferrante_2004/GMML.xsd" xmlns:xsi="http://www.w3.org/2001/XMLSchema-instance">
    <Notes/>
    <Comment/>
    <Graphics MapInfoLeft="85" MapInfoTop="8669"/>
    <GeneProduct BackpageHead="" GeneProduct-Data-Source="LocusLink" Short-Name="LPL" Type="unknown" Xref="" Name="LPL">
        <Comment/>
        <Graphics CenterX="4500" CenterY="1000" Height="300" Width="1900"/>
    </GeneProduct>
    <GeneProduct BackpageHead="Triosephosphate Isomerase" GeneProduct-Data-Source="LocusLink" Short-Name="TPI1" Type="unknown" Xref="" Name="TPI1">
        <Comment/>
        <Graphics CenterX="2850" CenterY="5500" Height="300" Width="900"/>
    </GeneProduct>
    <GeneProduct BackpageHead="Acyl-CoA Dehydrogenase, medium chain" GeneProduct-Data-Source="LocusLink" Short-Name="ACADM" Type="unknown" Xref="" Name="ACADM">
        <Comment/>
        <Graphics CenterX="6250" CenterY="8300" Height="300" Width="900"/>
    </GeneProduct>
    <GeneProduct BackpageHead="Acyl-CoA Dehydrogenase, long chain" GeneProduct-Data-Source="LocusLink" Short-Name="ACADL" Type="unknown" Xref="" Name="ACADL">
        <Comment/>
        <Graphics CenterX="6250" CenterY="8600" Height="300" Width="900"/>
    </GeneProduct>
    <GeneProduct BackpageHead="Acyl-CoA Dehydrogenase, very long chain" GeneProduct-Data-Source="LocusLink" Short-Name="ACADVL" Type="unknown" Xref="" Name="ACADVL">
        <Comment/>
        <Graphics CenterX="6250" CenterY="8900" Height="300" Width="900"/>
    </GeneProduct>
    <GeneProduct BackpageHead="" GeneProduct-Data-Source="LocusLink" Short-Name="GK" Type="unknown" Xref="" Name="GK">
        <Graphics CenterX="2850" CenterY="2250" Height="300" Width="900"/>
    </GeneProduct>
    <GeneProduct BackpageHead="Glycerol Kinase, testis 2" GeneProduct-Data-Source="LocusLink" Short-Name="GK2" Type="unknown" Xref="" Name="GK2">
        <Comment/>
        <Graphics CenterX="2850" CenterY="2850" Height="300" Width="900"/>
    </GeneProduct>
    <GeneProduct BackpageHead="Glycerol Kinase, testis 1" GeneProduct-Data-Source="LocusLink" Short-Name="GK" Type="unknown" Xref="" Name="GK">
        <Comment/>
        <Graphics CenterX="2850" CenterY="2550" Height="300" Width="900"/>
    </GeneProduct>
    <GeneProduct BackpageHead="Glycerol-3-Phosphate Dehydrogenase" GeneProduct-Data-Source="LocusLink" Short-Name="GPD2" Type="unknown" Xref="" Name="GPD2">
        <Comment/>
        <Graphics CenterX="2850" CenterY="4100" Height="300" Width="900"/>
    </GeneProduct>
    <GeneProduct BackpageHead="Carnitine O-Palmitoyltransferase II" GeneProduct-Data-Source="LocusLink" Short-Name="CPT2" Type="unknown" Xref="" Name="CPT2">
        <Comment/>
        <Graphics CenterX="6250" CenterY="5800" Height="300" Width="1100"/>
    </GeneProduct>
    <GeneProduct BackpageHead="Carnitine Palmitoyltransferase I, liver" GeneProduct-Data-Source="LocusLink" Short-Name="CPT1A" Type="unknown" Xref="" Name="CPT1A">
        <Comment/>
        <Graphics CenterX="6250" CenterY="5200" Height="300" Width="1100"/>
    </GeneProduct>
    <GeneProduct BackpageHead="Carnitine Palmitoyltransferase I, muscle" GeneProduct-Data-Source="LocusLink" Short-Name="CHKL" Type="unknown" Xref="" Name="CHKL">
        <Comment/>
        <Graphics CenterX="6250" CenterY="5500" Height="300" Width="1100"/>
    </GeneProduct>
    <GeneProduct BackpageHead="Carnitine/Acylcarnitine Translocase" GeneProduct-Data-Source="LocusLink" Short-Name="SLC25A20" Type="unknown" Xref="" Name="SLC25A20">
        <Comment/>
        <Graphics CenterX="6250" CenterY="6100" Height="300" Width="1100"/>
    </GeneProduct>
    <GeneProduct BackpageHead="Carnitine O-Acetyltransferase" GeneProduct-Data-Source="LocusLink" Short-Name="CRAT" Type="unknown" Xref="" Name="CRAT">
        <Comment/>
        <Graphics CenterX="6250" CenterY="4900" Height="300" Width="1100"/>
    </GeneProduct>
    <GeneProduct BackpageHead="Acyl-CoA Dehydrogenase, short chain" GeneProduct-Data-Source="LocusLink" Short-Name="ACADS" Type="unknown" Xref="" Name="ACADS">
        <Comment/>
        <Graphics CenterX="6250" CenterY="8000" Height="300" Width="900"/>
    </GeneProduct>
    <GeneProduct BackpageHead="Short/Branched Chain" GeneProduct-Data-Source="LocusLink" Short-Name="ACADSB" Type="unknown" Xref="" Name="ACADSB">
        <Comment/>
        <Graphics CenterX="6250" CenterY="7700" Height="300" Width="900"/>
    </GeneProduct>
    <GeneProduct BackpageHead="Long Chain Fatty Acid CoA Ligase 2" GeneProduct-Data-Source="LocusLink" Short-Name="ACSL1" Type="unknown" Xref="" Name="ACSL1">
        <Comment/>
        <Graphics CenterX="6250" CenterY="2550" Height="300" Width="900"/>
    </GeneProduct>
    <GeneProduct BackpageHead="" GeneProduct-Data-Source="LocusLink" Short-Name="ACSL1" Type="unknown" Xref="" Name="ACSL1">
        <Comment/>
        <Graphics CenterX="6250" CenterY="2250" Height="300" Width="900"/>
    </GeneProduct>
    <GeneProduct BackpageHead="" GeneProduct-Data-Source="LocusLink" Short-Name="ACSL3" Type="unknown" Xref="" Name="ACSL3">
        <Comment/>
        <Graphics CenterX="6250" CenterY="2850" Height="300" Width="900"/>
    </GeneProduct>
    <GeneProduct BackpageHead="" GeneProduct-Data-Source="LocusLink" Short-Name="ACSL4" Type="unknown" Xref="" Name="ACSL4">
        <Comment/>
        <Graphics CenterX="6250" CenterY="3150" Height="300" Width="900"/>
    </GeneProduct>
    <GeneProduct BackpageHead="" GeneProduct-Data-Source="LocusLink" Short-Name="ACSL5" Type="unknown" Xref="" Name="ACSL5">
        <Comment/>
        <Graphics CenterX="6250" CenterY="3450" Height="300" Width="900"/>
    </GeneProduct>
    <GeneProduct BackpageHead="" GeneProduct-Data-Source="LocusLink" Short-Name="ACSL6" Type="unknown" Xref="" Name="ACSL6">
        <Comment/>
        <Graphics CenterX="6250" CenterY="3750" Height="300" Width="900"/>
    </GeneProduct>
    <GeneProduct BackpageHead="Trifunctional Enzyme alpha" GeneProduct-Data-Source="LocusLink" Short-Name="HADHA" Type="unknown" Xref="" Name="HADHA">
        <Comment/>
        <Graphics CenterX="6850" CenterY="9950" Height="300" Width="900"/>
    </GeneProduct>
    <GeneProduct BackpageHead="Trifunctional Enzyme beta" GeneProduct-Data-Source="LocusLink" Short-Name="HADHB" Type="unknown" Xref="" Name="HADHB">
        <Comment/>
        <Graphics CenterX="6850" CenterY="10250" Height="300" Width="900"/>
    </GeneProduct>
    <GeneProduct BackpageHead="3-Ketoacyl-CoA Thiolase" GeneProduct-Data-Source="LocusLink" Short-Name="ACAA2" Type="unknown" Xref="" Name="ACAA2">
        <Comment/>
        <Graphics CenterX="10350" CenterY="8850" Height="300" Width="1600"/>
    </GeneProduct>
    <GeneProduct BackpageHead="Short Chain 3-Hydroxyacyl-CoA Dehydrogenase" GeneProduct-Data-Source="LocusLink" Short-Name="HADHSC" Type="unknown" Xref="" Name="HADHSC">
        <Comment/>
        <Graphics CenterX="9600" CenterY="10100" Height="300" Width="900"/>
    </GeneProduct>
    <GeneProduct BackpageHead="Carnitine Palmitoyltransferase I, muscle" GeneProduct-Data-Source="LocusLink" Short-Name="CPT1B" Type="unknown" Xref="" Name="CPT1B">
        <Comment/>
        <Graphics CenterX="6250" CenterY="6400" Height="300" Width="1100"/>
    </GeneProduct>
    <Line Style="Solid" Type="Arrow">
        <Comment/>
        <Graphics Color="000000" EndX="2850" EndY="3250" StartX="2850" StartY="1950"/>
    </Line>
    <Line Style="Solid" Type="Arrow">
        <Comment/>
        <Graphics Color="000000" EndX="5700" EndY="1700" StartX="4750" StartY="750"/>
    </Line>
    <Line Style="Solid" Type="Arrow">
        <Comment/>
        <Graphics Color="000000" EndX="3250" EndY="1700" StartX="4200" StartY="750"/>
    </Line>
    <Line Style="Broken" Type="Arrow">
        <Comment/>
        <Graphics Color="000000" EndX="2850" EndY="6950" StartX="2850" StartY="6400"/>
    </Line>
    <Line Style="Solid" Type="Arrow">
        <Comment/>
        <Graphics Color="000000" EndX="10300" EndY="9600" StartX="8950" StartY="10650"/>
    </Line>
    <Line Style="Broken" Type="Arrow">
        <Comment/>
        <Graphics Color="000000" EndX="11150" EndY="7250" StartX="11150" StartY="7750"/>
    </Line>
    <Line Style="Solid" Type="Arrow">
        <Comment/>
        <Graphics Color="000000" EndX="2850" EndY="4650" StartX="2850" StartY="3650"/>
    </Line>
    <Line Style="Solid" Type="Arrow">
        <Comment/>
        <Graphics Color="000000" EndX="2850" EndY="6000" StartX="2850" StartY="5000"/>
    </Line>
    <Line Style="Solid" Type="Arrow">
        <Comment/>
        <Graphics Color="000000" EndX="6250" EndY="4200" StartX="6250" StartY="2000"/>
    </Line>
    <Line Style="Solid" Type="Arrow">
        <Comment/>
        <Graphics Color="000000" EndX="6250" EndY="6750" StartX="6250" StartY="4550"/>
    </Line>
    <Line Style="Solid" Type="Arrow">
        <Comment/>
        <Graphics Color="000000" EndX="6250" EndY="9300" StartX="6250" StartY="7100"/>
    </Line>
    <Line Style="Solid" Type="Arrow">
        <Comment/>
        <Graphics Color="000000" EndX="7600" EndY="10700" StartX="6250" StartY="9700"/>
    </Line>
    <Line Style="Solid" Type="Arrow">
        <Comment/>
        <Graphics Color="000000" EndX="9550" EndY="8100" StartX="10100" StartY="9250"/>
    </Line>
    <Line Style="Solid" Type="Arrow">
        <Comment/>
        <Graphics Color="000000" EndX="11100" EndY="8150" StartX="10500" StartY="9250"/>
    </Line>
    <Line Style="Solid" Type="Line">
        <Comment/>
        <Graphics Color="000000" EndX="8900" EndY="6900" StartX="9350" StartY="7650"/>
    </Line>
    <Line Style="Solid" Type="Arrow">
        <Comment/>
        <Graphics Color="000000" EndX="6850" EndY="6900" StartX="8900" StartY="6900"/>
    </Line>
    <Label TextLabel="Triacylglycerol">
        <Comment/>
        <Graphics CenterX="4550" CenterY="600" Color="000000" FontName="Arial" FontSize="10" FontWeight="Bold" Height="240" Width="1490"/>
    </Label>
    <Label TextLabel="Glycerol">
        <Comment/>
        <Graphics CenterX="2850" CenterY="1850" Color="000000" FontName="Arial" FontSize="10" FontWeight="Bold" Height="240" Width="875"/>
    </Label>
    <Label TextLabel="Dihydroxyacetone Phosphate">
        <Comment/>
        <Graphics CenterX="2900" CenterY="4800" Color="000000" FontName="Arial" FontSize="10" FontWeight="Bold" Height="240" Width="2870"/>
    </Label>
    <Label TextLabel="Fatty Acid">
        <Comment/>
        <Graphics CenterX="6250" CenterY="1850" Color="000000" FontName="Arial" FontSize="10" FontWeight="Bold" Height="240" Width="1025"/>
    </Label>
    <Label TextLabel="Acyl-CoA">
        <Comment/>
        <Graphics CenterX="6250" CenterY="4400" Color="000000" FontName="Arial" FontSize="10" FontWeight="Bold" Height="240" Width="935"/>
    </Label>
    <Label TextLabel="Acyl-CoA">
        <Comment/>
        <Graphics CenterX="6250" CenterY="6900" Color="000000" FontName="Arial" FontSize="10" FontWeight="Bold" Height="240" Width="935"/>
    </Label>
    <Label TextLabel="Glyceraldehyde-3-Phosphate">
        <Comment/>
        <Graphics CenterX="2950" CenterY="6200" Color="000000" FontName="Arial" FontSize="10" FontWeight="Bold" Height="240" Width="2810"/>
    </Label>
    <Label TextLabel="-Enoyl-CoA">
        <Comment/>
        <Graphics CenterX="6650" CenterY="9450" Color="000000" FontName="Arial" FontSize="10" FontWeight="Bold" Height="240" Width="1115"/>
    </Label>
    <Label TextLabel="3-Ketoacyl-CoA">
        <Comment/>
        <Graphics CenterX="10350" CenterY="9450" Color="000000" FontName="Arial" FontSize="10" FontWeight="Bold" Height="240" Width="1520"/>
    </Label>
    <Label TextLabel="Acyl-CoA (n-2)">
        <Comment/>
        <Graphics CenterX="9700" CenterY="7900" Color="000000" FontName="Arial" FontSize="10" FontWeight="Bold" Height="240" Width="1400"/>
    </Label>
    <Label TextLabel="Acetyl-CoA">
        <Comment/>
        <Graphics CenterX="11200" CenterY="7900" Color="000000" FontName="Arial" FontSize="10" FontWeight="Bold" Height="240" Width="1115"/>
    </Label>
    <Label TextLabel="L-Glycerol-3-Phosphate">
        <Comment/>
        <Graphics CenterX="2900" CenterY="3450" Color="000000" FontName="Arial" FontSize="10" FontWeight="Bold" Height="240" Width="2285"/>
    </Label>
    <Label TextLabel="3-L-Hydroxyacyl-CoA">
        <Comment/>
        <Graphics CenterX="8300" CenterY="10900" Color="000000" FontName="Arial" FontSize="10" FontWeight="Bold" Height="240" Width="2045"/>
    </Label>
    <Label TextLabel="Acyl-CoA Dehydrogenases:">
        <Comment/>
        <Graphics CenterX="6250" CenterY="7400" Color="000000" FontName="Arial" FontSize="10" FontWeight="Bold" Height="240" Width="2630"/>
    </Label>
    <Label TextLabel="trans-">
        <Comment/>
        <Graphics CenterX="5550" CenterY="9450" Color="000000" FontName="Arial" FontSize="10" FontStyle="Italic" FontWeight="Bold" Height="240" Width="590"/>
    </Label>
    <Label TextLabel="D">
        <Comment/>
        <Graphics CenterX="5900" CenterY="9450" Color="000000" FontName="Symbol" FontSize="12" FontWeight="Bold" Height="300" Width="245"/>
    </Label>
    <Label TextLabel="2">
        <Comment/>
        <Graphics CenterX="6050" CenterY="9400" Color="000000" FontName="Arial" FontSize="9" FontWeight="Bold" Height="225" Width="185"/>
    </Label>
    <Label TextLabel="See Glycolysis MAPP">
        <Comment/>
        <Graphics CenterX="2900" CenterY="7150" Color="ff0000" FontName="Arial" FontSize="12" FontWeight="Bold" Height="285" Width="2510"/>
    </Label>
    <Label TextLabel="See">
        <Comment/>
        <Graphics CenterX="11200" CenterY="6300" Color="ff0000" FontName="Arial" FontSize="12" FontWeight="Bold" Height="285" Width="515"/>
    </Label>
    <Label TextLabel="TCA Cycle">
        <Comment/>
        <Graphics CenterX="11200" CenterY="6800" Color="ff0000" FontName="Arial" FontSize="12" FontWeight="Bold" Height="285" Width="1280"/>
    </Label>
    <Label TextLabel="MAPP">
        <Comment/>
        <Graphics CenterX="11200" CenterY="7050" Color="ff0000" FontName="Arial" FontSize="12" FontWeight="Bold" Height="285" Width="770"/>
    </Label>
</Pathway>

