<?xml version="1.0" encoding="UTF-8" standalone="yes"?>
<Pathway Author="David Koren, Kam Dahlquist" Availability="" Data-Source="GenMAPP 2.0" Email="genmapp@gladstone.ucsf.edu" Last-Modified="4/8/04" Maintained-By="Kam Dahlquist" Name="DNA Replication" Version="20041216" xsi:schemaLocation="http://www.genmapp.org/Ferrante_2004/GMML.xsd" xmlns:xsi="http://www.w3.org/2001/XMLSchema-instance">
    <Notes>http://www.genomeknowledge.org/cgi-bin/eventbrowser?DB=gk_current&amp;ID=69306</Notes>
    <Comment>Based on www.genomeknowledge.org</Comment>
    <Graphics BoardHeight="20525" BoardWidth="31241" WindowHeight="14910" WindowWidth="18975"/>
    <GeneProduct BackpageHead="DNA replication factor-A protein 2" GeneID="RPA2" GeneProduct-Data-Source="LocusLink" Type="unknown" Xref="" Name="6118">
        <Comment/>
        <Graphics CenterX="11450" CenterY="7050" Height="300" Width="900"/>
    </GeneProduct>
    <GeneProduct BackpageHead="DNA replication factor-A protein 3" GeneID="RPA3" GeneProduct-Data-Source="LocusLink" Type="unknown" Xref="" Name="6119">
        <Comment/>
        <Graphics CenterX="11450" CenterY="7350" Height="300" Width="900"/>
    </GeneProduct>
    <GeneProduct BackpageHead="DNA replication factor-A protein 4" GeneID="RPA4" GeneProduct-Data-Source="LocusLink" Type="unknown" Xref="" Name="29935">
        <Comment/>
        <Graphics CenterX="11450" CenterY="7650" Height="300" Width="900"/>
    </GeneProduct>
    <GeneProduct BackpageHead="" GeneID="POLA" GeneProduct-Data-Source="LocusLink" Type="unknown" Xref="" Name="5422">
        <Comment/>
        <Graphics CenterX="15100" CenterY="7400" Height="300" Width="900"/>
    </GeneProduct>
    <GeneProduct BackpageHead="" GeneID="PRIM1" GeneProduct-Data-Source="LocusLink" Type="unknown" Xref="" Name="5557">
        <Comment/>
        <Graphics CenterX="16200" CenterY="7100" Height="300" Width="900"/>
    </GeneProduct>
    <GeneProduct BackpageHead="p58" GeneID="PRIM2A" GeneProduct-Data-Source="LocusLink" Type="unknown" Xref="" Name="5558">
        <Comment/>
        <Graphics CenterX="16200" CenterY="7400" Height="300" Width="900"/>
    </GeneProduct>
    <GeneProduct BackpageHead="DNA polymerase epsilon subunit B" GeneID="POLE2" GeneProduct-Data-Source="LocusLink" Type="unknown" Xref="" Name="5427">
        <Comment/>
        <Graphics CenterX="19550" CenterY="7450" Height="300" Width="900"/>
    </GeneProduct>
    <GeneProduct BackpageHead="DNA polymerase epsilon, catalytic subunit A" GeneID="POLE" GeneProduct-Data-Source="LocusLink" Type="unknown" Xref="" Name="5426">
        <Comment/>
        <Graphics CenterX="19550" CenterY="7750" Height="300" Width="900"/>
    </GeneProduct>
    <GeneProduct BackpageHead="Orc3" GeneID="ORC3L" GeneProduct-Data-Source="LocusLink" Type="unknown" Xref="" Name="23595">
        <Comment/>
        <Graphics CenterX="850" CenterY="2550" Height="300" Width="900"/>
    </GeneProduct>
    <GeneProduct BackpageHead="Orc2" GeneID="ORC2L" GeneProduct-Data-Source="LocusLink" Type="unknown" Xref="" Name="4999">
        <Comment/>
        <Graphics CenterX="1800" CenterY="1950" Height="300" Width="900"/>
    </GeneProduct>
    <GeneProduct BackpageHead="Orc5" GeneID="ORC5L" GeneProduct-Data-Source="LocusLink" Type="unknown" Xref="" Name="5001">
        <Comment/>
        <Graphics CenterX="4000" CenterY="2950" Height="300" Width="900"/>
    </GeneProduct>
    <GeneProduct BackpageHead="" GeneID="ORC4L" GeneProduct-Data-Source="LocusLink" Type="unknown" Xref="" Name="5000">
        <Comment/>
        <Graphics CenterX="6500" CenterY="2000" Height="300" Width="900"/>
    </GeneProduct>
    <GeneProduct BackpageHead="" GeneID="ORC1L" GeneProduct-Data-Source="LocusLink" Type="unknown" Xref="" Name="4998">
        <Comment/>
        <Graphics CenterX="9500" CenterY="3200" Height="300" Width="900"/>
    </GeneProduct>
    <GeneProduct BackpageHead="" GeneID="ORC6L" GeneProduct-Data-Source="LocusLink" Type="unknown" Xref="" Name="23594">
        <Comment/>
        <Graphics CenterX="12700" CenterY="2100" Height="300" Width="900"/>
    </GeneProduct>
    <GeneProduct BackpageHead="Geminin" GeneID="GMNN" GeneProduct-Data-Source="LocusLink" Type="unknown" Xref="" Name="51053">
        <Comment/>
        <Graphics CenterX="18450" CenterY="4000" Height="300" Width="900"/>
    </GeneProduct>
    <GeneProduct BackpageHead="" GeneID="CDT1" GeneProduct-Data-Source="LocusLink" Type="unknown" Xref="" Name="81620">
        <Comment/>
        <Graphics CenterX="18450" CenterY="4300" Height="300" Width="900"/>
    </GeneProduct>
    <GeneProduct BackpageHead="Ubiquitin" GeneID="UBA52" GeneProduct-Data-Source="LocusLink" Type="unknown" Xref="" Name="7311">
        <Comment/>
        <Graphics CenterX="19800" CenterY="4550" Height="300" Width="900"/>
    </GeneProduct>
    <GeneProduct BackpageHead="" GeneID="MCM6" GeneProduct-Data-Source="LocusLink" Type="unknown" Xref="" Name="4175">
        <Comment/>
        <Graphics CenterX="22650" CenterY="4800" Height="300" Width="900"/>
    </GeneProduct>
    <GeneProduct BackpageHead="" GeneID="MCM5" GeneProduct-Data-Source="LocusLink" Type="unknown" Xref="" Name="4174">
        <Comment/>
        <Graphics CenterX="22650" CenterY="4500" Height="300" Width="900"/>
    </GeneProduct>
    <GeneProduct BackpageHead="" GeneID="MCM4" GeneProduct-Data-Source="LocusLink" Type="unknown" Xref="" Name="4173">
        <Comment/>
        <Graphics CenterX="22650" CenterY="4200" Height="300" Width="900"/>
    </GeneProduct>
    <GeneProduct BackpageHead="" GeneID="MCM3" GeneProduct-Data-Source="LocusLink" Type="unknown" Xref="" Name="4172">
        <Comment/>
        <Graphics CenterX="22650" CenterY="3900" Height="300" Width="900"/>
    </GeneProduct>
    <GeneProduct BackpageHead="" GeneID="MCM2" GeneProduct-Data-Source="LocusLink" Type="unknown" Xref="" Name="4171">
        <Comment/>
        <Graphics CenterX="22650" CenterY="3600" Height="300" Width="900"/>
    </GeneProduct>
    <GeneProduct BackpageHead="" GeneID="MCM7" GeneProduct-Data-Source="LocusLink" Type="unknown" Xref="" Name="4176">
        <Comment/>
        <Graphics CenterX="22650" CenterY="5100" Height="300" Width="900"/>
    </GeneProduct>
    <GeneProduct BackpageHead="" GeneID="MCM10" GeneProduct-Data-Source="LocusLink" Type="unknown" Xref="" Name="55388">
        <Comment/>
        <Graphics CenterX="27300" CenterY="2050" Height="300" Width="900"/>
    </GeneProduct>
    <GeneProduct BackpageHead="" GeneID="CDK2" GeneProduct-Data-Source="LocusLink" Type="unknown" Xref="" Name="1017">
        <Comment/>
        <Graphics CenterX="2850" CenterY="4750" Height="300" Width="900"/>
    </GeneProduct>
    <GeneProduct BackpageHead="" GeneID="POLA2" GeneProduct-Data-Source="LocusLink" Type="unknown" Xref="" Name="23649">
        <Comment/>
        <Graphics CenterX="15100" CenterY="7100" Height="300" Width="900"/>
    </GeneProduct>
    <GeneProduct BackpageHead="" GeneID="RFC5" GeneProduct-Data-Source="LocusLink" Type="unknown" Xref="" Name="5985">
        <Comment/>
        <Graphics CenterX="5900" CenterY="14350" Height="300" Width="900"/>
    </GeneProduct>
    <GeneProduct BackpageHead="" GeneID="RFC4" GeneProduct-Data-Source="LocusLink" Type="unknown" Xref="" Name="5984">
        <Comment/>
        <Graphics CenterX="5900" CenterY="14650" Height="300" Width="900"/>
    </GeneProduct>
    <GeneProduct BackpageHead="" GeneID="RFC3" GeneProduct-Data-Source="LocusLink" Type="unknown" Xref="" Name="5983">
        <Comment/>
        <Graphics CenterX="5900" CenterY="14950" Height="300" Width="900"/>
    </GeneProduct>
    <GeneProduct BackpageHead="" GeneID="RFC2" GeneProduct-Data-Source="LocusLink" Type="unknown" Xref="" Name="5982">
        <Comment/>
        <Graphics CenterX="5900" CenterY="15250" Height="300" Width="900"/>
    </GeneProduct>
    <GeneProduct BackpageHead="" GeneID="RFC1" GeneProduct-Data-Source="LocusLink" Type="unknown" Xref="" Name="5981">
        <Comment/>
        <Graphics CenterX="5900" CenterY="15550" Height="300" Width="900"/>
    </GeneProduct>
    <GeneProduct BackpageHead="PCNA" GeneID="PCNA" GeneProduct-Data-Source="LocusLink" Type="unknown" Xref="" Name="5111">
        <Comment/>
        <Graphics CenterX="12700" CenterY="17100" Height="300" Width="900"/>
    </GeneProduct>
    <GeneProduct BackpageHead="Dbf4" GeneID="ASK" GeneProduct-Data-Source="LocusLink" Type="unknown" Xref="" Name="10926">
        <Comment/>
        <Graphics CenterX="2850" CenterY="5050" Height="300" Width="900"/>
    </GeneProduct>
    <GeneProduct BackpageHead="Cdc7" GeneID="CDC7" GeneProduct-Data-Source="LocusLink" Type="unknown" Xref="" Name="8317">
        <Comment/>
        <Graphics CenterX="2850" CenterY="5350" Height="300" Width="900"/>
    </GeneProduct>
    <GeneProduct BackpageHead="DNA replication factor-A protein 1" GeneID="RPA1" GeneProduct-Data-Source="LocusLink" Type="unknown" Xref="" Name="6117">
        <Comment/>
        <Graphics CenterX="11450" CenterY="6750" Height="300" Width="900"/>
    </GeneProduct>
    <GeneProduct BackpageHead="" GeneID="CDC45L" GeneProduct-Data-Source="LocusLink" Type="unknown" Xref="" Name="8318">
        <Comment/>
        <Graphics CenterX="9100" CenterY="6750" Height="300" Width="900"/>
    </GeneProduct>
    <GeneProduct BackpageHead="DNA polymerase delta subunit 2" GeneID="POLD2" GeneProduct-Data-Source="LocusLink" Type="unknown" Xref="" Name="5425">
        <Comment/>
        <Graphics CenterX="25750" CenterY="17550" Height="300" Width="900"/>
    </GeneProduct>
    <GeneProduct BackpageHead="" GeneID="POLD3" GeneProduct-Data-Source="LocusLink" Type="unknown" Xref="" Name="10714">
        <Comment/>
        <Graphics CenterX="25750" CenterY="17850" Height="300" Width="900"/>
    </GeneProduct>
    <GeneProduct BackpageHead="DNA polymerase delta subunit 4" GeneID="POLD4" GeneProduct-Data-Source="LocusLink" Type="unknown" Xref="" Name="57804">
        <Comment/>
        <Graphics CenterX="25750" CenterY="18150" Height="300" Width="900"/>
    </GeneProduct>
    <GeneProduct BackpageHead="DNA polymerase delta catalytic subunit" GeneID="POLD1" GeneProduct-Data-Source="LocusLink" Type="unknown" Xref="" Name="5424">
        <Comment/>
        <Graphics CenterX="25750" CenterY="17250" Height="300" Width="900"/>
    </GeneProduct>
    <GeneProduct BackpageHead="" GeneID="CDC6" GeneProduct-Data-Source="LocusLink" Type="unknown" Xref="" Name="990">
        <Comment/>
        <Graphics CenterX="15750" CenterY="3300" Height="300" Width="900"/>
    </GeneProduct>
    <GeneProduct BackpageHead="Ubiquitin" GeneID="UBC" GeneProduct-Data-Source="LocusLink" Type="unknown" Xref="" Name="7316">
        <Comment/>
        <Graphics CenterX="19800" CenterY="4850" Height="300" Width="900"/>
    </GeneProduct>
    <Line Style="Solid" Type="Arrow">
        <Comment/>
        <Graphics Color="000000" EndX="2450" EndY="2400" StartX="1300" StartY="2400"/>
    </Line>
    <Line Style="Solid" Type="Arrow">
        <Comment/>
        <Graphics Color="000000" EndX="2050" EndY="2400" StartX="1850" StartY="2100"/>
    </Line>
    <Line Style="Solid" Type="Arrow">
        <Comment/>
        <Graphics Color="000000" EndX="4750" EndY="2350" StartX="3650" StartY="2350"/>
    </Line>
    <Line Style="Solid" Type="Arrow">
        <Comment/>
        <Graphics Color="000000" EndX="4200" EndY="2350" StartX="4000" StartY="2800"/>
    </Line>
    <Line Style="Solid" Type="Arrow">
        <Comment/>
        <Graphics Color="000000" EndX="7350" EndY="2550" StartX="6100" StartY="2550"/>
    </Line>
    <Line Style="Solid" Type="Arrow">
        <Comment/>
        <Graphics Color="000000" EndX="6800" EndY="2550" StartX="6450" StartY="2150"/>
    </Line>
    <Line Style="Solid" Type="Arrow">
        <Comment/>
        <Graphics Color="000000" EndX="10200" EndY="2550" StartX="9300" StartY="2550"/>
    </Line>
    <Line Style="Solid" Type="Arrow">
        <Comment/>
        <Graphics Color="000000" EndX="9750" EndY="2550" StartX="9500" StartY="3050"/>
    </Line>
    <Line Style="Solid" Type="Arrow">
        <Comment/>
        <Graphics Color="000000" EndX="13900" EndY="2700" StartX="12350" StartY="2700"/>
    </Line>
    <Line Style="Solid" Type="Arrow">
        <Comment/>
        <Graphics Color="000000" EndX="13250" EndY="2700" StartX="12750" StartY="2250"/>
    </Line>
    <Line Style="Solid" Type="Arrow">
        <Comment/>
        <Graphics Color="000000" EndX="16650" EndY="2700" StartX="15600" StartY="2700"/>
    </Line>
    <Line Style="Solid" Type="Arrow">
        <Comment/>
        <Graphics Color="000000" EndX="16100" EndY="2700" StartX="15850" StartY="3150"/>
    </Line>
    <Line Style="Solid" Type="Arrow">
        <Comment/>
        <Graphics Color="000000" EndX="19850" EndY="2750" StartX="18500" StartY="2750"/>
    </Line>
    <Line Style="Solid" Type="Line">
        <Comment/>
        <Graphics Color="000000" EndX="19200" EndY="3400" StartX="19200" StartY="3500"/>
    </Line>
    <Line Style="Solid" Type="Arrow">
        <Comment/>
        <Graphics Color="000000" EndX="19200" EndY="2750" StartX="19200" StartY="3100"/>
    </Line>
    <Line Style="Solid" Type="Arrow">
        <Comment/>
        <Graphics Color="000000" EndX="23850" EndY="2550" StartX="21900" StartY="2550"/>
    </Line>
    <Line Style="Solid" Type="Arrow">
        <Comment/>
        <Graphics Color="000000" EndX="22900" EndY="2550" StartX="22650" StartY="3450"/>
    </Line>
    <Line Style="Solid" Type="Arrow">
        <Comment/>
        <Graphics Color="000000" EndX="27750" EndY="3150" StartX="27150" StartY="3150"/>
    </Line>
    <Line Style="Solid" Type="Arrow">
        <Comment/>
        <Graphics Color="000000" EndX="27400" EndY="3150" StartX="27250" StartY="2200"/>
    </Line>
    <Line Style="Solid" Type="Arrow">
        <Comment/>
        <Graphics Color="000000" EndX="4250" EndY="6050" StartX="3200" StartY="6050"/>
    </Line>
    <Line Style="Solid" Type="Arrow">
        <Comment/>
        <Graphics Color="000000" EndX="3450" EndY="6050" StartX="2850" StartY="5500"/>
    </Line>
    <Line Style="Solid" Type="Arrow">
        <Comment/>
        <Graphics Color="000000" EndX="4100" EndY="6650" StartX="3800" StartY="6050"/>
    </Line>
    <Line Style="Solid" Type="Line">
        <Comment/>
        <Graphics Color="000000" EndX="5000" EndY="6050" StartX="4250" StartY="6050"/>
    </Line>
    <Line Style="Solid" Type="Arrow">
        <Comment/>
        <Graphics Color="000000" EndX="9650" EndY="6050" StartX="9250" StartY="6600"/>
    </Line>
    <Line Style="Solid" Type="Arrow">
        <Comment/>
        <Graphics Color="000000" EndX="11700" EndY="6050" StartX="11250" StartY="6750"/>
    </Line>
    <Line Style="Solid" Type="Line">
        <Comment/>
        <Graphics Color="000000" EndX="15550" EndY="6650" StartX="15150" StartY="6950"/>
    </Line>
    <Line Style="Solid" Type="Line">
        <Comment/>
        <Graphics Color="000000" EndX="15550" EndY="6650" StartX="16050" StartY="6950"/>
    </Line>
    <Line Style="Solid" Type="Arrow">
        <Comment/>
        <Graphics Color="000000" EndX="15550" EndY="6050" StartX="15550" StartY="6650"/>
    </Line>
    <Line Style="Solid" Type="Arrow">
        <Comment/>
        <Graphics Color="000000" EndX="20450" EndY="6050" StartX="9400" StartY="6050"/>
    </Line>
    <Line Style="Solid" Type="Arrow">
        <Comment/>
        <Graphics Color="000000" EndX="19750" EndY="6050" StartX="19200" StartY="7300"/>
    </Line>
    <Line Style="Solid" Type="Arrow">
        <Comment/>
        <Graphics Color="000000" EndX="7300" EndY="8550" StartX="6100" StartY="8550"/>
    </Line>
    <Line Style="Solid" Type="Arrow">
        <Comment/>
        <Graphics Color="000000" EndX="6950" EndY="8550" StartX="6600" StartY="9250"/>
    </Line>
    <Line Style="Solid" Type="Arrow">
        <Comment/>
        <Graphics Color="000000" EndX="10250" EndY="8550" StartX="8950" StartY="8550"/>
    </Line>
    <Line Style="Solid" Type="Arrow">
        <Comment/>
        <Graphics Color="000000" EndX="9550" EndY="8550" StartX="9350" StartY="9050"/>
    </Line>
    <Line Style="Solid" Type="Arrow">
        <Comment/>
        <Graphics Color="000000" EndX="4350" EndY="12250" StartX="3400" StartY="12250"/>
    </Line>
    <Line Style="Solid" Type="Arrow">
        <Comment/>
        <Graphics Color="000000" EndX="3900" EndY="12250" StartX="3500" StartY="12800"/>
    </Line>
    <Line Style="Solid" Type="Arrow">
        <Comment/>
        <Graphics Color="000000" EndX="6150" EndY="12250" StartX="4450" StartY="12250"/>
    </Line>
    <Line Style="Solid" Type="Arrow">
        <Comment/>
        <Graphics Color="000000" EndX="5050" EndY="13150" StartX="4800" StartY="12250"/>
    </Line>
    <Line Style="Solid" Type="Arrow">
        <Comment/>
        <Graphics Color="000000" EndX="5600" EndY="11850" StartX="5350" StartY="12250"/>
    </Line>
    <Line Style="Solid" Type="Arrow">
        <Comment/>
        <Graphics Color="000000" EndX="8650" EndY="13400" StartX="6550" StartY="13400"/>
    </Line>
    <Line Style="Solid" Type="Arrow">
        <Comment/>
        <Graphics Color="000000" EndX="7800" EndY="13400" StartX="7300" StartY="13100"/>
    </Line>
    <Line Style="Solid" Type="Arrow">
        <Comment/>
        <Graphics Color="000000" EndX="11900" EndY="13400" StartX="10950" StartY="13400"/>
    </Line>
    <Line Style="Solid" Type="Arrow">
        <Comment/>
        <Graphics Color="000000" EndX="6900" EndY="12250" StartX="6200" StartY="12250"/>
    </Line>
    <Line Style="Solid" Type="Arrow">
        <Comment/>
        <Graphics Color="000000" EndX="6500" EndY="12250" StartX="6400" StartY="11850"/>
    </Line>
    <Line Style="Solid" Type="Arrow">
        <Comment/>
        <Graphics Color="000000" EndX="8850" EndY="12250" StartX="6950" StartY="12250"/>
    </Line>
    <Line Style="Solid" Type="Arrow">
        <Comment/>
        <Graphics Color="000000" EndX="7400" EndY="11950" StartX="7300" StartY="12250"/>
    </Line>
    <Line Style="Solid" Type="Arrow">
        <Comment/>
        <Graphics Color="000000" EndX="8550" EndY="11600" StartX="8300" StartY="12250"/>
    </Line>
    <Line Style="Solid" Type="Arrow">
        <Comment/>
        <Graphics Color="000000" EndX="12550" EndY="11450" StartX="10700" StartY="11450"/>
    </Line>
    <Line Style="Solid" Type="Arrow">
        <Comment/>
        <Graphics Color="000000" EndX="11850" EndY="11400" StartX="11350" StartY="11100"/>
    </Line>
    <Line Style="Solid" Type="Arrow">
        <Comment/>
        <Graphics Color="000000" EndX="15850" EndY="11450" StartX="14850" StartY="11450"/>
    </Line>
    <Line Style="Solid" Type="Arrow">
        <Comment/>
        <Graphics Color="000000" EndX="6100" EndY="16350" StartX="6000" StartY="15700"/>
    </Line>
    <Line Style="Solid" Type="Arrow">
        <Comment/>
        <Graphics Color="000000" EndX="13000" EndY="16350" StartX="12850" StartY="16950"/>
    </Line>
    <Line Style="Solid" Type="Arrow">
        <Comment/>
        <Graphics Color="000000" EndX="13100" EndY="16300" StartX="12600" StartY="15600"/>
    </Line>
    <Line Style="Solid" Type="Arrow">
        <Comment/>
        <Graphics Color="000000" EndX="6400" EndY="16850" StartX="6250" StartY="16350"/>
    </Line>
    <Line Style="Solid" Type="Arrow">
        <Comment/>
        <Graphics Color="000000" EndX="20250" EndY="15950" StartX="19850" StartY="16400"/>
    </Line>
    <Line Style="Solid" Type="Arrow">
        <Comment/>
        <Graphics Color="000000" EndX="27050" EndY="16350" StartX="25750" StartY="16350"/>
    </Line>
    <Line Style="Solid" Type="Arrow">
        <Comment/>
        <Graphics Color="000000" EndX="26350" EndY="16400" StartX="26050" StartY="17100"/>
    </Line>
    <Line Style="Solid" Type="Arrow">
        <Comment/>
        <Graphics Color="000000" EndX="6900" EndY="16350" StartX="5550" StartY="16350"/>
    </Line>
    <Line Style="Solid" Type="Arrow">
        <Comment/>
        <Graphics Color="000000" EndX="13400" EndY="16350" StartX="12800" StartY="16350"/>
    </Line>
    <Line Style="Solid" Type="Arrow">
        <Comment/>
        <Graphics Color="000000" EndX="20250" EndY="16400" StartX="19600" StartY="16400"/>
    </Line>
    <Arc>
        <Comment/>
        <Graphics Color="000000" Height="225" Rotation="3.141593" StartX="19200" StartY="3750" Width="450"/>
    </Arc>
    <Label TextLabel="Origin">
        <Comment/>
        <Graphics CenterX="850" CenterY="2200" Color="000000" FontName="Arial" FontSize="12" FontWeight="Bold" Height="285" Width="770"/>
    </Label>
    <Label TextLabel="Orc3">
        <Comment/>
        <Graphics CenterX="2950" CenterY="2200" Color="000000" FontName="Arial" FontSize="12" FontWeight="Bold" Height="285" Width="620"/>
    </Label>
    <Label TextLabel="Orc2">
        <Comment/>
        <Graphics CenterX="2950" CenterY="2450" Color="000000" FontName="Arial" FontSize="12" FontWeight="Bold" Height="285" Width="620"/>
    </Label>
    <Label TextLabel="Orc5">
        <Comment/>
        <Graphics CenterX="5400" CenterY="2800" Color="000000" FontName="Arial" FontSize="12" FontWeight="Bold" Height="285" Width="620"/>
    </Label>
    <Label TextLabel="Orc2">
        <Comment/>
        <Graphics CenterX="5400" CenterY="2500" Color="000000" FontName="Arial" FontSize="12" FontWeight="Bold" Height="285" Width="620"/>
    </Label>
    <Label TextLabel="Orc3">
        <Comment/>
        <Graphics CenterX="5400" CenterY="2200" Color="000000" FontName="Arial" FontSize="12" FontWeight="Bold" Height="285" Width="620"/>
    </Label>
    <Label TextLabel="Orc5">
        <Comment/>
        <Graphics CenterX="11300" CenterY="2650" Color="000000" FontName="Arial" FontSize="12" FontWeight="Bold" Height="285" Width="620"/>
    </Label>
    <Label TextLabel="Orc4">
        <Comment/>
        <Graphics CenterX="11300" CenterY="2900" Color="000000" FontName="Arial" FontSize="12" FontWeight="Bold" Height="285" Width="620"/>
    </Label>
    <Label TextLabel="Orc1">
        <Comment/>
        <Graphics CenterX="11300" CenterY="3150" Color="000000" FontName="Arial" FontSize="12" FontWeight="Bold" Height="285" Width="620"/>
    </Label>
    <Label TextLabel="Orc3">
        <Comment/>
        <Graphics CenterX="8350" CenterY="2100" Color="000000" FontName="Arial" FontSize="12" FontWeight="Bold" Height="285" Width="620"/>
    </Label>
    <Label TextLabel="Orc5">
        <Comment/>
        <Graphics CenterX="8350" CenterY="2700" Color="000000" FontName="Arial" FontSize="12" FontWeight="Bold" Height="285" Width="620"/>
    </Label>
    <Label TextLabel="Orc4">
        <Comment/>
        <Graphics CenterX="8350" CenterY="2950" Color="000000" FontName="Arial" FontSize="12" FontWeight="Bold" Height="285" Width="620"/>
    </Label>
    <Label TextLabel="Orc2">
        <Comment/>
        <Graphics CenterX="8350" CenterY="2400" Color="000000" FontName="Arial" FontSize="12" FontWeight="Bold" Height="285" Width="620"/>
    </Label>
    <Label TextLabel="Cdc6">
        <Comment/>
        <Graphics CenterX="17600" CenterY="2900" Color="000000" FontName="Arial" FontSize="12" FontWeight="Bold" Height="285" Width="680"/>
    </Label>
    <Label TextLabel="Cdc6">
        <Comment/>
        <Graphics CenterX="20950" CenterY="2750" Color="000000" FontName="Arial" FontSize="12" FontWeight="Bold" Height="285" Width="680"/>
    </Label>
    <Label TextLabel="Cdt1">
        <Comment/>
        <Graphics CenterX="20950" CenterY="3100" Color="000000" FontName="Arial" FontSize="12" FontWeight="Bold" Height="285" Width="620"/>
    </Label>
    <Label TextLabel="Cdt1">
        <Comment/>
        <Graphics CenterX="19250" CenterY="3250" Color="000000" FontName="Arial" FontSize="12" FontWeight="Bold" Height="285" Width="620"/>
    </Label>
    <Label TextLabel="Geminin">
        <Comment/>
        <Graphics CenterX="19800" CenterY="4250" Color="000000" FontName="Arial" FontSize="12" FontWeight="Bold" Height="285" Width="1025"/>
    </Label>
    <Label TextLabel="Cdc6">
        <Comment/>
        <Graphics CenterX="25550" CenterY="2500" Color="000000" FontName="Arial" FontSize="12" FontWeight="Bold" Height="285" Width="680"/>
    </Label>
    <Label TextLabel="Cdt1">
        <Comment/>
        <Graphics CenterX="25550" CenterY="2750" Color="000000" FontName="Arial" FontSize="12" FontWeight="Bold" Height="285" Width="620"/>
    </Label>
    <Label TextLabel="Mcm10">
        <Comment/>
        <Graphics CenterX="29300" CenterY="4450" Color="000000" FontName="Arial" FontSize="12" FontWeight="Bold" Height="285" Width="890"/>
    </Label>
    <Label TextLabel="Cdt1">
        <Comment/>
        <Graphics CenterX="4300" CenterY="6950" Color="000000" FontName="Arial" FontSize="12" FontWeight="Bold" Height="285" Width="620"/>
    </Label>
    <Label TextLabel="Phosphorylation of Mcm 2-7 complex">
        <Comment>aided by DDK</Comment>
        <Graphics CenterX="7200" CenterY="6050" Color="000000" FontName="Arial" FontSize="12" FontWeight="Bold" Height="285" Width="4310"/>
    </Label>
    <Label TextLabel="DNA polymerase alpha: primase: origin complex">
        <Comment/>
        <Graphics CenterX="23500" CenterY="6050" Color="000000" FontName="Arial" FontSize="12" FontWeight="Bold" Height="285" Width="5600"/>
    </Label>
    <Label TextLabel="DNA polymerase alpha: primase: origin complex">
        <Comment/>
        <Graphics CenterX="3250" CenterY="8550" Color="000000" FontName="Arial" FontSize="12" FontWeight="Bold" Height="285" Width="5600"/>
    </Label>
    <Label TextLabel="CTP">
        <Comment/>
        <Graphics CenterX="6550" CenterY="9550" Color="000000" FontName="Arial" FontSize="12" FontWeight="Bold" Height="285" Width="575"/>
    </Label>
    <Label TextLabel="GTP">
        <Comment/>
        <Graphics CenterX="6550" CenterY="9850" Color="000000" FontName="Arial" FontSize="12" FontWeight="Bold" Height="285" Width="575"/>
    </Label>
    <Label TextLabel="UTP">
        <Comment/>
        <Graphics CenterX="6550" CenterY="10150" Color="000000" FontName="Arial" FontSize="12" FontWeight="Bold" Height="285" Width="575"/>
    </Label>
    <Label TextLabel="ATP">
        <Comment/>
        <Graphics CenterX="6550" CenterY="10450" Color="000000" FontName="Arial" FontSize="12" FontWeight="Bold" Height="285" Width="560"/>
    </Label>
    <Label TextLabel="RNA Primer">
        <Comment/>
        <Graphics CenterX="8150" CenterY="8550" Color="000000" FontName="Arial" FontSize="12" FontWeight="Bold" Height="285" Width="1415"/>
    </Label>
    <Label TextLabel="dCTP">
        <Comment/>
        <Graphics CenterX="9250" CenterY="9350" Color="000000" FontName="Arial" FontSize="12" FontWeight="Bold" Height="285" Width="725"/>
    </Label>
    <Label TextLabel="dGTP">
        <Comment/>
        <Graphics CenterX="9250" CenterY="9650" Color="000000" FontName="Arial" FontSize="12" FontWeight="Bold" Height="285" Width="725"/>
    </Label>
    <Label TextLabel="dUTP">
        <Comment/>
        <Graphics CenterX="9250" CenterY="9950" Color="000000" FontName="Arial" FontSize="12" FontWeight="Bold" Height="285" Width="725"/>
    </Label>
    <Label TextLabel="dATP">
        <Comment/>
        <Graphics CenterX="9250" CenterY="10250" Color="000000" FontName="Arial" FontSize="12" FontWeight="Bold" Height="285" Width="710"/>
    </Label>
    <Label TextLabel="Phosphorylated Orc1">
        <Comment/>
        <Graphics CenterX="5300" CenterY="13400" Color="000000" FontName="Arial" FontSize="12" FontWeight="Bold" Height="285" Width="2510"/>
    </Label>
    <Label TextLabel="Ubiquitin">
        <Comment/>
        <Graphics CenterX="7200" CenterY="12950" Color="000000" FontName="Arial" FontSize="12" FontWeight="Bold" Height="285" Width="1115"/>
    </Label>
    <Label TextLabel="ATP">
        <Comment/>
        <Graphics CenterX="6500" CenterY="11700" Color="000000" FontName="Arial" FontSize="12" FontWeight="Bold" Height="285" Width="560"/>
    </Label>
    <Label TextLabel="ADP">
        <Comment/>
        <Graphics CenterX="7450" CenterY="11700" Color="000000" FontName="Arial" FontSize="12" FontWeight="Bold" Height="285" Width="590"/>
    </Label>
    <Label TextLabel="Phosphorylated Cdc6">
        <Comment/>
        <Graphics CenterX="9450" CenterY="11450" Color="000000" FontName="Arial" FontSize="12" FontWeight="Bold" Height="285" Width="2570"/>
    </Label>
    <Label TextLabel="Ubiquitinated Orc1">
        <Comment/>
        <Graphics CenterX="9850" CenterY="13400" Color="000000" FontName="Arial" FontSize="12" FontWeight="Bold" Height="285" Width="2210"/>
    </Label>
    <Label TextLabel="Ubiquitinated Cdc6">
        <Comment/>
        <Graphics CenterX="13700" CenterY="11450" Color="000000" FontName="Arial" FontSize="12" FontWeight="Bold" Height="285" Width="2270"/>
    </Label>
    <Label TextLabel="Degraded by proteasome in cytosol">
        <Comment/>
        <Graphics CenterX="14050" CenterY="13400" Color="000000" FontName="Arial" FontSize="12" FontWeight="Bold" Height="285" Width="4145"/>
    </Label>
    <Label TextLabel="Degraded by proteasome in cytosol">
        <Comment/>
        <Graphics CenterX="17950" CenterY="11450" Color="000000" FontName="Arial" FontSize="12" FontWeight="Bold" Height="285" Width="4145"/>
    </Label>
    <Label TextLabel="RNA primer-DNA primer">
        <Comment/>
        <Graphics CenterX="11950" CenterY="8600" Color="000000" FontName="Arial" FontSize="12" FontWeight="Bold" Height="285" Width="2795"/>
    </Label>
    <Label TextLabel="RNA primer-DNA primer">
        <Comment/>
        <Graphics CenterX="4150" CenterY="16350" Color="000000" FontName="Arial" FontSize="12" FontWeight="Bold" Height="285" Width="2795"/>
    </Label>
    <Label TextLabel="ATP">
        <Comment/>
        <Graphics CenterX="3500" CenterY="13000" Color="000000" FontName="Arial" FontSize="12" FontWeight="Bold" Height="285" Width="560"/>
    </Label>
    <Label TextLabel="ADP">
        <Comment/>
        <Graphics CenterX="5650" CenterY="11650" Color="000000" FontName="Arial" FontSize="12" FontWeight="Bold" Height="285" Width="590"/>
    </Label>
    <Label TextLabel="p49">
        <Comment/>
        <Graphics CenterX="6400" CenterY="17250" Color="000000" FontName="Arial" FontSize="12" FontWeight="Bold" Height="285" Width="500"/>
    </Label>
    <Label TextLabel="p58">
        <Comment/>
        <Graphics CenterX="6400" CenterY="17550" Color="000000" FontName="Arial" FontSize="12" FontWeight="Bold" Height="285" Width="500"/>
    </Label>
    <Label TextLabel="p70">
        <Comment/>
        <Graphics CenterX="6400" CenterY="17850" Color="000000" FontName="Arial" FontSize="12" FontWeight="Bold" Height="285" Width="500"/>
    </Label>
    <Label TextLabel="p180">
        <Comment/>
        <Graphics CenterX="6400" CenterY="17000" Color="000000" FontName="Arial" FontSize="12" FontWeight="Bold" Height="285" Width="635"/>
    </Label>
    <Label TextLabel="RFC36">
        <Comment/>
        <Graphics CenterX="20300" CenterY="14450" Color="000000" FontName="Arial" FontSize="12" FontWeight="Bold" Height="285" Width="860"/>
    </Label>
    <Label TextLabel="RFC37">
        <Comment/>
        <Graphics CenterX="20300" CenterY="14750" Color="000000" FontName="Arial" FontSize="12" FontWeight="Bold" Height="285" Width="860"/>
    </Label>
    <Label TextLabel="RFC38">
        <Comment/>
        <Graphics CenterX="20300" CenterY="15050" Color="000000" FontName="Arial" FontSize="12" FontWeight="Bold" Height="285" Width="860"/>
    </Label>
    <Label TextLabel="RFC40">
        <Comment/>
        <Graphics CenterX="20300" CenterY="15350" Color="000000" FontName="Arial" FontSize="12" FontWeight="Bold" Height="285" Width="860"/>
    </Label>
    <Label TextLabel="RFC140">
        <Comment/>
        <Graphics CenterX="20300" CenterY="15650" Color="000000" FontName="Arial" FontSize="12" FontWeight="Bold" Height="285" Width="995"/>
    </Label>
    <Label TextLabel="Mcm 4,6,7 trimer forms and associates">
        <Comment/>
        <Graphics CenterX="11200" CenterY="12250" Color="000000" FontName="Arial" FontSize="12" FontWeight="Bold" Height="285" Width="4430"/>
    </Label>
    <Label TextLabel="Ubiquitin">
        <Comment/>
        <Graphics CenterX="11150" CenterY="10850" Color="000000" FontName="Arial" FontSize="12" FontWeight="Bold" Height="285" Width="1115"/>
    </Label>
    <Label TextLabel="with the replication fork">
        <Comment/>
        <Graphics CenterX="14850" CenterY="12250" Color="000000" FontName="Arial" FontSize="12" FontWeight="Bold" Height="285" Width="2750"/>
    </Label>
    <Label TextLabel="Orc2">
        <Comment/>
        <Graphics CenterX="11300" CenterY="2350" Color="000000" FontName="Arial" FontSize="12" FontWeight="Bold" Height="285" Width="620"/>
    </Label>
    <Label TextLabel="Orc3">
        <Comment/>
        <Graphics CenterX="11300" CenterY="2050" Color="000000" FontName="Arial" FontSize="12" FontWeight="Bold" Height="285" Width="620"/>
    </Label>
    <Label TextLabel="RFC Heteropentamer:RNA primer-DNA primer">
        <Comment/>
        <Graphics CenterX="9750" CenterY="16350" Color="000000" FontName="Arial" FontSize="12" FontWeight="Bold" Height="285" Width="5300"/>
    </Label>
    <Label TextLabel="ATP">
        <Comment/>
        <Graphics CenterX="12500" CenterY="15400" Color="000000" FontName="Arial" FontSize="12" FontWeight="Bold" Height="285" Width="560"/>
    </Label>
    <Label TextLabel="PCNA homotrimer">
        <Comment/>
        <Graphics CenterX="16200" CenterY="16700" Color="000000" FontName="Arial" FontSize="12" FontWeight="Bold" Height="285" Width="2150"/>
    </Label>
    <Label TextLabel="RFC Heteropentamer:RNA primer-DNA primer:">
        <Comment/>
        <Graphics CenterX="16400" CenterY="16400" Color="000000" FontName="Arial" FontSize="12" FontWeight="Bold" Height="285" Width="5390"/>
    </Label>
    <Label TextLabel="RNA primer-DNA primer:origin duplex:PCNA">
        <Comment/>
        <Graphics CenterX="23050" CenterY="16450" Color="000000" FontName="Arial" FontSize="12" FontWeight="Bold" Height="285" Width="5165"/>
    </Label>
    <Label TextLabel="Primase">
        <Comment/>
        <Graphics CenterX="16350" CenterY="7900" Color="000000" FontName="Arial" FontSize="12" FontWeight="Bold" Height="285" Width="1010"/>
    </Label>
    <Label TextLabel="DNA Polymerase">
        <Comment/>
        <Graphics CenterX="14250" CenterY="7900" Color="000000" FontName="Arial" FontSize="12" FontWeight="Bold" Height="285" Width="2015"/>
    </Label>
    <Label TextLabel="a">
        <Comment/>
        <Graphics CenterX="15400" CenterY="7900" Color="000000" FontName="Symbol" FontSize="12" FontWeight="Bold" Height="300" Width="260"/>
    </Label>
    <Label TextLabel="Pre-replicative complex">
        <Comment/>
        <Graphics CenterX="1700" CenterY="6050" Color="000000" FontName="Arial" FontSize="12" FontWeight="Bold" Height="285" Width="2750"/>
    </Label>
    <Label TextLabel="2. Activation of the pre-replicative complex">
        <Comment/>
        <Graphics CenterX="3100" CenterY="4300" Color="000080" FontName="Arial" FontSize="14" FontWeight="Bold" Height="315" Width="5720"/>
    </Label>
    <Label TextLabel="3. DNA replication initiation">
        <Comment/>
        <Graphics CenterX="1950" CenterY="8050" Color="000080" FontName="Arial" FontSize="14" FontWeight="Bold" Height="315" Width="3620"/>
    </Label>
    <Label TextLabel="Pre-replicative complex">
        <Comment/>
        <Graphics CenterX="2050" CenterY="12250" Color="000000" FontName="Arial" FontSize="12" FontWeight="Bold" Height="285" Width="2750"/>
    </Label>
    <Label TextLabel="1. Assembly of the pre-replicative complex">
        <Comment/>
        <Graphics CenterX="3050" CenterY="1550" Color="000080" FontName="Arial" FontSize="14" FontWeight="Bold" Height="315" Width="5720"/>
    </Label>
    <Label TextLabel="Mcm2">
        <Comment/>
        <Graphics CenterX="25550" CenterY="3000" Color="000000" FontName="Arial" FontSize="12" FontWeight="Bold" Height="285" Width="755"/>
    </Label>
    <Label TextLabel="Mcm3">
        <Comment/>
        <Graphics CenterX="25550" CenterY="3250" Color="000000" FontName="Arial" FontSize="12" FontWeight="Bold" Height="285" Width="755"/>
    </Label>
    <Label TextLabel="Mcm4">
        <Comment/>
        <Graphics CenterX="25550" CenterY="3500" Color="000000" FontName="Arial" FontSize="12" FontWeight="Bold" Height="285" Width="755"/>
    </Label>
    <Label TextLabel="Mcm6">
        <Comment/>
        <Graphics CenterX="25550" CenterY="4000" Color="000000" FontName="Arial" FontSize="12" FontWeight="Bold" Height="285" Width="755"/>
    </Label>
    <Label TextLabel="Mcm7">
        <Comment/>
        <Graphics CenterX="25550" CenterY="4250" Color="000000" FontName="Arial" FontSize="12" FontWeight="Bold" Height="285" Width="755"/>
    </Label>
    <Label TextLabel="Orc Complex">
        <Comment/>
        <Graphics CenterX="29300" CenterY="2150" Color="000000" FontName="Arial" FontSize="12" FontWeight="Bold" Height="285" Width="1565"/>
    </Label>
    <Label TextLabel="Cdc6">
        <Comment/>
        <Graphics CenterX="29300" CenterY="2450" Color="000000" FontName="Arial" FontSize="12" FontWeight="Bold" Height="285" Width="680"/>
    </Label>
    <Label TextLabel="Cdt1">
        <Comment/>
        <Graphics CenterX="29300" CenterY="2700" Color="000000" FontName="Arial" FontSize="12" FontWeight="Bold" Height="285" Width="620"/>
    </Label>
    <Label TextLabel="Mcm2">
        <Comment/>
        <Graphics CenterX="29300" CenterY="2950" Color="000000" FontName="Arial" FontSize="12" FontWeight="Bold" Height="285" Width="755"/>
    </Label>
    <Label TextLabel="Mcm3">
        <Comment/>
        <Graphics CenterX="29300" CenterY="3200" Color="000000" FontName="Arial" FontSize="12" FontWeight="Bold" Height="285" Width="755"/>
    </Label>
    <Label TextLabel="Mcm4">
        <Comment/>
        <Graphics CenterX="29300" CenterY="3450" Color="000000" FontName="Arial" FontSize="12" FontWeight="Bold" Height="285" Width="755"/>
    </Label>
    <Label TextLabel="Mcm6">
        <Comment/>
        <Graphics CenterX="29300" CenterY="3950" Color="000000" FontName="Arial" FontSize="12" FontWeight="Bold" Height="285" Width="755"/>
    </Label>
    <Label TextLabel="Mcm7">
        <Comment/>
        <Graphics CenterX="29300" CenterY="4200" Color="000000" FontName="Arial" FontSize="12" FontWeight="Bold" Height="285" Width="755"/>
    </Label>
    <Label TextLabel="4. Switching of origins to post-replicative state">
        <Comment/>
        <Graphics CenterX="3350" CenterY="11100" Color="000080" FontName="Arial" FontSize="14" FontWeight="Bold" Height="315" Width="6140"/>
    </Label>
    <Label TextLabel="5. Leading/lagging strand synthesis">
        <Comment/>
        <Graphics CenterX="2550" CenterY="14250" Color="000080" FontName="Arial" FontSize="14" FontWeight="Bold" Height="315" Width="4715"/>
    </Label>
    <Label TextLabel="Orc complex">
        <Comment/>
        <Graphics CenterX="14750" CenterY="2700" Color="000000" FontName="Arial" FontSize="12" FontWeight="Bold" Height="285" Width="1520"/>
    </Label>
    <Label TextLabel="Processive complex">
        <Comment/>
        <Graphics CenterX="28550" CenterY="16350" Color="000000" FontName="Arial" FontSize="12" FontWeight="Bold" Height="285" Width="2390"/>
    </Label>
    <Label TextLabel="Orc complex">
        <Comment/>
        <Graphics CenterX="17600" CenterY="2500" Color="000000" FontName="Arial" FontSize="12" FontWeight="Bold" Height="285" Width="1520"/>
    </Label>
    <Label TextLabel="Orc complex">
        <Comment/>
        <Graphics CenterX="20950" CenterY="2350" Color="000000" FontName="Arial" FontSize="12" FontWeight="Bold" Height="285" Width="1520"/>
    </Label>
    <Label TextLabel="Orc complex">
        <Comment/>
        <Graphics CenterX="25550" CenterY="2200" Color="000000" FontName="Arial" FontSize="12" FontWeight="Bold" Height="285" Width="1520"/>
    </Label>
    <Label TextLabel="Mcm5">
        <Comment/>
        <Graphics CenterX="25550" CenterY="3750" Color="000000" FontName="Arial" FontSize="12" FontWeight="Bold" Height="285" Width="755"/>
    </Label>
    <Label TextLabel="Mcm5">
        <Comment/>
        <Graphics CenterX="29300" CenterY="3700" Color="000000" FontName="Arial" FontSize="12" FontWeight="Bold" Height="285" Width="755"/>
    </Label>
    <Shape Type="Oval">
        <Graphics CenterX="2950" CenterY="2350" Color="-1" Height="450" Rotation="0" Width="474"/>
    </Shape>
    <Shape Type="Oval">
        <Graphics CenterX="8350" CenterY="2550" Color="-1" Height="751" Rotation="0" Width="851"/>
    </Shape>
    <Shape Type="Oval">
        <Graphics CenterX="11250" CenterY="2600" Color="-1" Height="800" Rotation="0" Width="900"/>
    </Shape>
    <Shape Type="Oval">
        <Graphics CenterX="5400" CenterY="2450" Color="-1" Height="651" Rotation="0" Width="632"/>
    </Shape>
    <Shape Type="Oval">
        <Graphics CenterX="19800" CenterY="4500" Color="-1" Height="651" Rotation="0" Width="632"/>
    </Shape>
    <Shape Type="Oval">
        <Graphics CenterX="25600" CenterY="3200" Color="-1" Height="1375" Rotation="0" Width="1476"/>
    </Shape>
    <Shape Type="Oval">
        <Graphics CenterX="9850" CenterY="16350" Color="-1" Height="300" Rotation="0" Width="2900"/>
    </Shape>
    <Shape Type="Oval">
        <Graphics CenterX="16500" CenterY="16400" Color="-1" Height="600" Rotation="0" Width="3050"/>
    </Shape>
    <Shape Type="Oval">
        <Graphics CenterX="23050" CenterY="16400" Color="-1" Height="552" Rotation="0" Width="2600"/>
    </Shape>
    <Shape Type="Oval">
        <Graphics CenterX="17600" CenterY="2700" Color="-1" Height="700" Rotation="0" Width="900"/>
    </Shape>
    <Shape Type="Oval">
        <Graphics CenterX="20950" CenterY="2650" Color="-1" Height="800" Rotation="0" Width="900"/>
    </Shape>
    <Shape Type="Oval">
        <Graphics CenterX="29300" CenterY="3250" Color="-1" Height="1375" Rotation="0" Width="1476"/>
    </Shape>
    <Brace>
        <Graphics CenterX="15050" CenterY="7750" Color="000000" Orientation="bottom" PicPointOffset="130" Width="800"/>
    </Brace>
    <Brace>
        <Graphics CenterX="16250" CenterY="7750" Color="000000" Orientation="bottom" PicPointOffset="130" Width="800"/>
    </Brace>
</Pathway>

