<?xml version="1.0" encoding="UTF-8" standalone="yes"?>
<Pathway Author="Alexander C. Zambon" Availability="" Data-Source="GenMAPP 2.0" Email="azambon@gladstone.ucsf.edu" Last-Modified="" Maintained-By="Alexander C. Zambon" Name="G1 to S cell cycle control" Version="20041203" xsi:schemaLocation="http://www.genmapp.org/Ferrante_2004/GMML.xsd" xmlns:xsi="http://www.w3.org/2001/XMLSchema-instance">
    <Notes>Adapted from http://www.genomeknowledge.org/, and Maeda et al. Journal of Invest Dermatol. 2002. 119:22-26.</Notes>
    <Comment/>
    <Graphics BoardHeight="12375" BoardWidth="24718" WindowHeight="13929" WindowWidth="17535"/>
    <GeneProduct BackpageHead="Cdk4" GeneID="CDK4" GeneProduct-Data-Source="LocusLink" Type="unknown" Xref="" Name="1019">
        <Comment/>
        <Graphics CenterX="1400" CenterY="1200" Height="300" Width="900"/>
    </GeneProduct>
    <GeneProduct BackpageHead="Cdk6" GeneID="CDK6" GeneProduct-Data-Source="LocusLink" Type="unknown" Xref="" Name="1021">
        <Comment/>
        <Graphics CenterX="1400" CenterY="1550" Height="300" Width="900"/>
    </GeneProduct>
    <GeneProduct BackpageHead="CyclinD1 (Ccnd1" GeneID="CCND1" GeneProduct-Data-Source="LocusLink" Type="unknown" Xref="" Name="595">
        <Comment/>
        <Graphics CenterX="3500" CenterY="950" Height="300" Width="900"/>
    </GeneProduct>
    <GeneProduct BackpageHead="Cyclin D2 (Ccnd2)" GeneID="CCND2" GeneProduct-Data-Source="LocusLink" Type="unknown" Xref="" Name="894">
        <Comment/>
        <Graphics CenterX="3500" CenterY="1300" Height="300" Width="900"/>
    </GeneProduct>
    <GeneProduct BackpageHead="Cyclin D3 (Ccnd3)" GeneID="CCND3" GeneProduct-Data-Source="LocusLink" Type="unknown" Xref="" Name="896">
        <Comment/>
        <Graphics CenterX="3500" CenterY="1650" Height="300" Width="900"/>
    </GeneProduct>
    <GeneProduct BackpageHead="CyclinD" GeneID="CyclinD" GeneProduct-Data-Source="" Type="unknown" Xref="" Name="">
        <Comment/>
        <Graphics CenterX="2600" CenterY="2550" Height="300" Width="850"/>
    </GeneProduct>
    <GeneProduct BackpageHead="Cdk" GeneID="Cdk" GeneProduct-Data-Source="" Type="unknown" Xref="" Name="">
        <Comment/>
        <Graphics CenterX="2600" CenterY="2850" Height="300" Width="847"/>
    </GeneProduct>
    <GeneProduct BackpageHead="Cdkn1a(p21)" GeneID="CDKN1A" GeneProduct-Data-Source="LocusLink" Type="unknown" Xref="" Name="1026">
        <Comment/>
        <Graphics CenterX="9300" CenterY="950" Height="300" Width="900"/>
    </GeneProduct>
    <GeneProduct BackpageHead="MGI:104565" GeneID="CDKN1B" GeneProduct-Data-Source="LocusLink" Type="unknown" Xref="" Name="1027">
        <Comment/>
        <Graphics CenterX="9300" CenterY="550" Height="300" Width="900"/>
    </GeneProduct>
    <GeneProduct BackpageHead="Cdk7" GeneID="CDK7" GeneProduct-Data-Source="LocusLink" Type="unknown" Xref="" Name="1022">
        <Comment/>
        <Graphics CenterX="3600" CenterY="2900" Height="300" Width="900"/>
    </GeneProduct>
    <GeneProduct BackpageHead="Ccnh" GeneID="CCNH" GeneProduct-Data-Source="LocusLink" Type="unknown" Xref="" Name="902">
        <Comment/>
        <Graphics CenterX="3600" CenterY="3200" Height="300" Width="900"/>
    </GeneProduct>
    <GeneProduct BackpageHead="CyclinD" GeneID="CyclinD" GeneProduct-Data-Source="" Type="unknown" Xref="" Name="">
        <Comment/>
        <Graphics CenterX="5200" CenterY="2550" Height="300" Width="850"/>
    </GeneProduct>
    <GeneProduct BackpageHead="Cdk" GeneID="Cdk" GeneProduct-Data-Source="" Type="unknown" Xref="" Name="">
        <Comment/>
        <Graphics CenterX="5200" CenterY="2850" Height="300" Width="847"/>
    </GeneProduct>
    <GeneProduct BackpageHead="Rb1" GeneID="RB1" GeneProduct-Data-Source="LocusLink" Type="unknown" Xref="" Name="5925">
        <Comment/>
        <Graphics CenterX="4500" CenterY="5650" Height="300" Width="900"/>
    </GeneProduct>
    <GeneProduct BackpageHead="E2f" GeneID="E2f" GeneProduct-Data-Source="" Type="unknown" Xref="" Name="">
        <Comment/>
        <Graphics CenterX="4500" CenterY="5950" Height="300" Width="600"/>
    </GeneProduct>
    <GeneProduct BackpageHead="E2f1" GeneID="E2F1" GeneProduct-Data-Source="LocusLink" Type="unknown" Xref="" Name="1869">
        <Comment/>
        <Graphics CenterX="5550" CenterY="5900" Height="300" Width="900"/>
    </GeneProduct>
    <GeneProduct BackpageHead="E2f2" GeneID="E2F2" GeneProduct-Data-Source="LocusLink" Type="unknown" Xref="" Name="1870">
        <Comment/>
        <Graphics CenterX="5550" CenterY="6500" Height="300" Width="900"/>
    </GeneProduct>
    <GeneProduct BackpageHead="E2f3" GeneID="E2F3" GeneProduct-Data-Source="LocusLink" Type="unknown" Xref="" Name="1871">
        <Comment/>
        <Graphics CenterX="5550" CenterY="7100" Height="300" Width="900"/>
    </GeneProduct>
    <GeneProduct BackpageHead="Rbl1" GeneID="RBL1" GeneProduct-Data-Source="LocusLink" Type="unknown" Xref="" Name="5933">
        <Comment/>
        <Graphics CenterX="6850" CenterY="5900" Height="300" Width="900"/>
    </GeneProduct>
    <GeneProduct BackpageHead="Rb1" GeneID="RB1" GeneProduct-Data-Source="LocusLink" Type="unknown" Xref="" Name="5925">
        <Comment/>
        <Graphics CenterX="6850" CenterY="5600" Height="300" Width="900"/>
    </GeneProduct>
    <GeneProduct BackpageHead="E2f4" GeneID="E2F4" GeneProduct-Data-Source="LocusLink" Type="unknown" Xref="" Name="1874">
        <Comment/>
        <Graphics CenterX="5550" CenterY="5600" Height="300" Width="900"/>
    </GeneProduct>
    <GeneProduct BackpageHead="E2f5" GeneID="E2F5" GeneProduct-Data-Source="LocusLink" Type="unknown" Xref="" Name="1875">
        <Comment/>
        <Graphics CenterX="5550" CenterY="6200" Height="300" Width="900"/>
    </GeneProduct>
    <GeneProduct BackpageHead="E2f6" GeneID="E2F6" GeneProduct-Data-Source="LocusLink" Type="unknown" Xref="" Name="1876">
        <Comment/>
        <Graphics CenterX="5550" CenterY="6800" Height="300" Width="900"/>
    </GeneProduct>
    <GeneProduct BackpageHead="Rb1" GeneID="RB1" GeneProduct-Data-Source="LocusLink" Type="unknown" Xref="" Name="5925">
        <Comment/>
        <Graphics CenterX="1850" CenterY="6850" Height="300" Width="900"/>
    </GeneProduct>
    <GeneProduct BackpageHead="E2f" GeneID="E2f" GeneProduct-Data-Source="" Type="unknown" Xref="" Name="">
        <Comment/>
        <Graphics CenterX="2550" CenterY="7950" Height="300" Width="600"/>
    </GeneProduct>
    <GeneProduct BackpageHead="dp1" GeneID="TFDP1" GeneProduct-Data-Source="LocusLink" Type="unknown" Xref="" Name="7027">
        <Comment/>
        <Graphics CenterX="2550" CenterY="8250" Height="300" Width="700"/>
    </GeneProduct>
    <GeneProduct BackpageHead="Tfdp1" GeneID="TFDP1" GeneProduct-Data-Source="LocusLink" Type="unknown" Xref="" Name="7027">
        <Comment/>
        <Graphics CenterX="3050" CenterY="6000" Height="300" Width="900"/>
    </GeneProduct>
    <GeneProduct BackpageHead="Tfdp2" GeneID="TFDP2" GeneProduct-Data-Source="LocusLink" Type="unknown" Xref="" Name="7029">
        <Comment/>
        <Graphics CenterX="3050" CenterY="6300" Height="300" Width="900"/>
    </GeneProduct>
    <GeneProduct BackpageHead="Cdk2" GeneID="CDK2" GeneProduct-Data-Source="LocusLink" Type="unknown" Xref="" Name="1017">
        <Comment/>
        <Graphics CenterX="17150" CenterY="1300" Height="300" Width="900"/>
    </GeneProduct>
    <GeneProduct BackpageHead="Ccne1" GeneID="CCNE1" GeneProduct-Data-Source="LocusLink" Type="unknown" Xref="" Name="898">
        <Comment/>
        <Graphics CenterX="19200" CenterY="1200" Height="300" Width="900"/>
    </GeneProduct>
    <GeneProduct BackpageHead="Ccne2" GeneID="CCNE2" GeneProduct-Data-Source="LocusLink" Type="unknown" Xref="" Name="9134">
        <Comment/>
        <Graphics CenterX="19200" CenterY="1500" Height="300" Width="900"/>
    </GeneProduct>
    <GeneProduct BackpageHead="Pole2" GeneID="POLE2" GeneProduct-Data-Source="LocusLink" Type="unknown" Xref="" Name="5427">
        <Comment/>
        <Graphics CenterX="15100" CenterY="7650" Height="300" Width="900"/>
    </GeneProduct>
    <GeneProduct BackpageHead="Pole" GeneID="POLE" GeneProduct-Data-Source="LocusLink" Type="unknown" Xref="" Name="5426">
        <Comment/>
        <Graphics CenterX="15100" CenterY="7950" Height="300" Width="900"/>
    </GeneProduct>
    <GeneProduct BackpageHead="Cdc25a" GeneID="CDC25A" GeneProduct-Data-Source="LocusLink" Type="unknown" Xref="" Name="993">
        <Comment/>
        <Graphics CenterX="16200" CenterY="4000" Height="300" Width="900"/>
    </GeneProduct>
    <GeneProduct BackpageHead="Wee1" GeneID="WEE1" GeneProduct-Data-Source="LocusLink" Type="unknown" Xref="" Name="7465">
        <Comment/>
        <Graphics CenterX="16250" CenterY="2300" Height="300" Width="900"/>
    </GeneProduct>
    <GeneProduct BackpageHead="Myt1" GeneID="MYT1" GeneProduct-Data-Source="LocusLink" Type="unknown" Xref="" Name="4661">
        <Comment/>
        <Graphics CenterX="16250" CenterY="2600" Height="300" Width="900"/>
    </GeneProduct>
    <GeneProduct BackpageHead="Cyclin E" GeneID="CCNE1" GeneProduct-Data-Source="LocusLink" Type="unknown" Xref="" Name="898">
        <Comment/>
        <Graphics CenterX="17600" CenterY="2750" Height="300" Width="847"/>
    </GeneProduct>
    <GeneProduct BackpageHead="Cyclin E" GeneID="CCNE1" GeneProduct-Data-Source="LocusLink" Type="unknown" Xref="" Name="898">
        <Comment/>
        <Graphics CenterX="14650" CenterY="2700" Height="300" Width="847"/>
    </GeneProduct>
    <GeneProduct BackpageHead="Cdk4" GeneID="CDK4" GeneProduct-Data-Source="LocusLink" Type="unknown" Xref="" Name="1019">
        <Comment/>
        <Graphics CenterX="16600" CenterY="9350" Height="300" Width="900"/>
    </GeneProduct>
    <GeneProduct BackpageHead="Cdk6" GeneID="CDK6" GeneProduct-Data-Source="LocusLink" Type="unknown" Xref="" Name="1021">
        <Comment/>
        <Graphics CenterX="16600" CenterY="9650" Height="300" Width="900"/>
    </GeneProduct>
    <GeneProduct BackpageHead="Cdk7" GeneID="CDK7" GeneProduct-Data-Source="LocusLink" Type="unknown" Xref="" Name="1022">
        <Comment/>
        <Graphics CenterX="16600" CenterY="9950" Height="300" Width="900"/>
    </GeneProduct>
    <GeneProduct BackpageHead="Cdc45l" GeneID="CDC45L" GeneProduct-Data-Source="LocusLink" Type="unknown" Xref="" Name="8318">
        <Comment/>
        <Graphics CenterX="15100" CenterY="6850" Height="300" Width="900"/>
    </GeneProduct>
    <GeneProduct BackpageHead="Rpa2" GeneID="RPA2" GeneProduct-Data-Source="LocusLink" Type="unknown" Xref="" Name="6118">
        <Comment/>
        <Graphics CenterX="15100" CenterY="9050" Height="300" Width="900"/>
    </GeneProduct>
    <GeneProduct BackpageHead="Rpa3" GeneID="RPA3" GeneProduct-Data-Source="LocusLink" Type="unknown" Xref="" Name="6119">
        <Comment/>
        <Graphics CenterX="15100" CenterY="9350" Height="300" Width="900"/>
    </GeneProduct>
    <GeneProduct BackpageHead="Rpa1" GeneID="RPA1" GeneProduct-Data-Source="LocusLink" Type="unknown" Xref="" Name="6117">
        <Comment/>
        <Graphics CenterX="15100" CenterY="8750" Height="300" Width="900"/>
    </GeneProduct>
    <GeneProduct BackpageHead="Mcm2" GeneID="MCM2" GeneProduct-Data-Source="LocusLink" Type="unknown" Xref="" Name="4171">
        <Comment/>
        <Graphics CenterX="16600" CenterY="6850" Height="300" Width="900"/>
    </GeneProduct>
    <GeneProduct BackpageHead="Mcm3" GeneID="MCM3" GeneProduct-Data-Source="LocusLink" Type="unknown" Xref="" Name="4172">
        <Comment/>
        <Graphics CenterX="16600" CenterY="7150" Height="300" Width="900"/>
    </GeneProduct>
    <GeneProduct BackpageHead="Mcm4" GeneID="MCM4" GeneProduct-Data-Source="LocusLink" Type="unknown" Xref="" Name="4173">
        <Comment/>
        <Graphics CenterX="16600" CenterY="7450" Height="300" Width="900"/>
    </GeneProduct>
    <GeneProduct BackpageHead="Mcm5" GeneID="MCM5" GeneProduct-Data-Source="LocusLink" Type="unknown" Xref="" Name="4174">
        <Comment/>
        <Graphics CenterX="16600" CenterY="7750" Height="300" Width="900"/>
    </GeneProduct>
    <GeneProduct BackpageHead="" GeneID="MCM6" GeneProduct-Data-Source="LocusLink" Type="unknown" Xref="" Name="4175">
        <Comment/>
        <Graphics CenterX="16600" CenterY="8050" Height="300" Width="900"/>
    </GeneProduct>
    <GeneProduct BackpageHead="" GeneID="MCM7" GeneProduct-Data-Source="LocusLink" Type="unknown" Xref="" Name="4176">
        <Comment/>
        <Graphics CenterX="16600" CenterY="8350" Height="300" Width="900"/>
    </GeneProduct>
    <GeneProduct BackpageHead="Orc1l" GeneID="ORC1L" GeneProduct-Data-Source="LocusLink" Type="unknown" Xref="" Name="4998">
        <Comment/>
        <Graphics CenterX="13150" CenterY="8550" Height="300" Width="900"/>
    </GeneProduct>
    <GeneProduct BackpageHead="Orc2l" GeneID="ORC2L" GeneProduct-Data-Source="LocusLink" Type="unknown" Xref="" Name="4999">
        <Comment/>
        <Graphics CenterX="13150" CenterY="8850" Height="300" Width="900"/>
    </GeneProduct>
    <GeneProduct BackpageHead="Orc3l" GeneID="ORC3L" GeneProduct-Data-Source="LocusLink" Type="unknown" Xref="" Name="23595">
        <Comment/>
        <Graphics CenterX="13150" CenterY="9150" Height="300" Width="900"/>
    </GeneProduct>
    <GeneProduct BackpageHead="Orc4l" GeneID="ORC4L" GeneProduct-Data-Source="LocusLink" Type="unknown" Xref="" Name="5000">
        <Comment/>
        <Graphics CenterX="13150" CenterY="7650" Height="300" Width="900"/>
    </GeneProduct>
    <GeneProduct BackpageHead="Orc5l" GeneID="ORC5L" GeneProduct-Data-Source="LocusLink" Type="unknown" Xref="" Name="5001">
        <Comment/>
        <Graphics CenterX="13150" CenterY="7950" Height="300" Width="900"/>
    </GeneProduct>
    <GeneProduct BackpageHead="" GeneID="ORC6L" GeneProduct-Data-Source="LocusLink" Type="unknown" Xref="" Name="23594">
        <Comment/>
        <Graphics CenterX="13150" CenterY="8250" Height="300" Width="900"/>
    </GeneProduct>
    <GeneProduct BackpageHead="" GeneID="PRIM1" GeneProduct-Data-Source="LocusLink" Type="unknown" Xref="" Name="5557">
        <Comment/>
        <Graphics CenterX="16600" CenterY="10400" Height="300" Width="900"/>
    </GeneProduct>
    <GeneProduct BackpageHead="PRIM2A" GeneID="PRIM2A" GeneProduct-Data-Source="LocusLink" Type="unknown" Xref="" Name="5558">
        <Comment/>
        <Graphics CenterX="16600" CenterY="10700" Height="300" Width="900"/>
    </GeneProduct>
    <GeneProduct BackpageHead="" GeneID="POLA2" GeneProduct-Data-Source="LocusLink" Type="unknown" Xref="" Name="23649">
        <Comment/>
        <Graphics CenterX="15100" CenterY="8250" Height="300" Width="900"/>
    </GeneProduct>
    <GeneProduct BackpageHead="Pcna" GeneID="PCNA" GeneProduct-Data-Source="LocusLink" Type="unknown" Xref="" Name="5111">
        <Comment/>
        <Graphics CenterX="10200" CenterY="5850" Height="300" Width="900"/>
    </GeneProduct>
    <GeneProduct BackpageHead="p53" GeneID="TP53" GeneProduct-Data-Source="LocusLink" Type="unknown" Xref="" Name="7157">
        <Comment/>
        <Graphics CenterX="9900" CenterY="2700" Height="300" Width="900"/>
    </GeneProduct>
    <GeneProduct BackpageHead="Gadd45a" GeneID="GADD45A" GeneProduct-Data-Source="LocusLink" Type="unknown" Xref="" Name="1647">
        <Comment/>
        <Graphics CenterX="7900" CenterY="3550" Height="300" Width="1000"/>
    </GeneProduct>
    <GeneProduct BackpageHead="" GeneID="MDM2" GeneProduct-Data-Source="LocusLink" Type="unknown" Xref="" Name="4193">
        <Comment/>
        <Graphics CenterX="11350" CenterY="2600" Height="300" Width="900"/>
    </GeneProduct>
    <GeneProduct BackpageHead="Cdkn2c (p18)" GeneID="CDKN2C" GeneProduct-Data-Source="LocusLink" Type="unknown" Xref="" Name="1031">
        <Comment/>
        <Graphics CenterX="7300" CenterY="950" Height="300" Width="900"/>
    </GeneProduct>
    <GeneProduct BackpageHead="Cdkn2b (p15)" GeneID="CDKN2B" GeneProduct-Data-Source="LocusLink" Type="unknown" Xref="" Name="1030">
        <Comment/>
        <Graphics CenterX="7300" CenterY="200" Height="300" Width="900"/>
    </GeneProduct>
    <GeneProduct BackpageHead="" GeneID="CDKN2D" GeneProduct-Data-Source="LocusLink" Type="unknown" Xref="" Name="1032">
        <Comment/>
        <Graphics CenterX="7300" CenterY="1300" Height="300" Width="900"/>
    </GeneProduct>
    <GeneProduct BackpageHead="12581" GeneID="CDKN2A" GeneProduct-Data-Source="LocusLink" Type="unknown" Xref="" Name="1029">
        <Comment/>
        <Graphics CenterX="7300" CenterY="600" Height="300" Width="900"/>
    </GeneProduct>
    <GeneProduct BackpageHead="Ccna1" GeneID="CCNA1" GeneProduct-Data-Source="LocusLink" Type="unknown" Xref="" Name="8900">
        <Comment/>
        <Graphics CenterX="2300" CenterY="10100" Height="300" Width="900"/>
    </GeneProduct>
    <GeneProduct BackpageHead="Ccnb1" GeneID="CCNB1" GeneProduct-Data-Source="LocusLink" Type="unknown" Xref="" Name="891">
        <Comment/>
        <Graphics CenterX="2300" CenterY="10500" Height="300" Width="900"/>
    </GeneProduct>
    <GeneProduct BackpageHead="Atm" GeneID="ATM" GeneProduct-Data-Source="LocusLink" Type="unknown" Xref="" Name="472">
        <Comment/>
        <Graphics CenterX="11300" CenterY="1700" Height="300" Width="900"/>
    </GeneProduct>
    <GeneProduct BackpageHead="p53" GeneID="TP53" GeneProduct-Data-Source="LocusLink" Type="unknown" Xref="" Name="7157">
        <Comment/>
        <Graphics CenterX="12700" CenterY="2750" Height="300" Width="616"/>
    </GeneProduct>
    <GeneProduct BackpageHead="Cdkn1c(p57)" GeneID="CDKN1C" GeneProduct-Data-Source="LocusLink" Type="unknown" Xref="" Name="1028">
        <Comment/>
        <Graphics CenterX="9300" CenterY="150" Height="300" Width="900"/>
    </GeneProduct>
    <GeneProduct BackpageHead="Ccng2" GeneID="CCNG2" GeneProduct-Data-Source="LocusLink" Type="unknown" Xref="" Name="901">
        <Comment/>
        <Graphics CenterX="4250" CenterY="9800" Height="300" Width="900"/>
    </GeneProduct>
    <GeneProduct BackpageHead="cMyc" GeneID="MYC" GeneProduct-Data-Source="LocusLink" Type="unknown" Xref="" Name="4609">
        <Comment/>
        <Graphics CenterX="6950" CenterY="2450" Height="300" Width="900"/>
    </GeneProduct>
    <GeneProduct BackpageHead="Creb1" GeneID="CREB1" GeneProduct-Data-Source="LocusLink" Type="unknown" Xref="" Name="1385">
        <Comment/>
        <Graphics CenterX="19550" CenterY="7400" Height="300" Width="1000"/>
    </GeneProduct>
    <GeneProduct BackpageHead="Crebl1" GeneID="CREBL1" GeneProduct-Data-Source="LocusLink" Type="unknown" Xref="" Name="1388">
        <Comment/>
        <Graphics CenterX="19550" CenterY="7700" Height="300" Width="1000"/>
    </GeneProduct>
    <GeneProduct BackpageHead="Creb3l1" GeneID="CREB3L1" GeneProduct-Data-Source="LocusLink" Type="unknown" Xref="" Name="90993">
        <Comment/>
        <Graphics CenterX="19550" CenterY="8000" Height="300" Width="1000"/>
    </GeneProduct>
    <GeneProduct BackpageHead="1419979_S_AT" GeneID="CREB3" GeneProduct-Data-Source="LocusLink" Type="unknown" Xref="" Name="10488">
        <Comment/>
        <Graphics CenterX="19550" CenterY="8300" Height="300" Width="1000"/>
    </GeneProduct>
    <GeneProduct BackpageHead="Creb3l4" GeneID="CREB3L4" GeneProduct-Data-Source="LocusLink" Type="unknown" Xref="" Name="148327">
        <Comment/>
        <Graphics CenterX="19550" CenterY="8600" Height="300" Width="1000"/>
    </GeneProduct>
    <GeneProduct BackpageHead="Creb3l3" GeneID="CREB3L3" GeneProduct-Data-Source="LocusLink" Type="unknown" Xref="" Name="84699">
        <Comment/>
        <Graphics CenterX="19550" CenterY="8900" Height="300" Width="1000"/>
    </GeneProduct>
    <GeneProduct BackpageHead="Mnat1" GeneID="MNAT1" GeneProduct-Data-Source="LocusLink" Type="unknown" Xref="" Name="4331">
        <Comment/>
        <Graphics CenterX="3600" CenterY="3500" Height="300" Width="900"/>
    </GeneProduct>
    <GeneProduct BackpageHead="" GeneID="CDC2A" GeneProduct-Data-Source="LocusLink" Type="unknown" Xref="" Name="">
        <Comment/>
        <Graphics CenterX="2300" CenterY="9750" Height="300" Width="900"/>
    </GeneProduct>
    <GeneProduct BackpageHead="Cdk" GeneID="CDK" GeneProduct-Data-Source="" Type="unknown" Xref="" Name="">
        <Comment/>
        <Graphics CenterX="14650" CenterY="3000" Height="300" Width="847"/>
    </GeneProduct>
    <GeneProduct BackpageHead="" GeneID="CDC2A" GeneProduct-Data-Source="LocusLink" Type="unknown" Xref="" Name="">
        <Comment/>
        <Graphics CenterX="16600" CenterY="8950" Height="300" Width="900"/>
    </GeneProduct>
    <GeneProduct BackpageHead="" GeneID="CDK" GeneProduct-Data-Source="" Type="unknown" Xref="" Name="">
        <Comment/>
        <Graphics CenterX="17600" CenterY="3050" Height="300" Width="847"/>
    </GeneProduct>
    <Line Style="Solid" Type="Arrow">
        <Comment/>
        <Graphics Color="000000" EndX="2600" EndY="2350" StartX="2600" StartY="2100"/>
    </Line>
    <Line Style="Solid" Type="Line">
        <Comment/>
        <Graphics Color="000000" EndX="5900" EndY="2800" StartX="5600" StartY="2800"/>
    </Line>
    <Line Style="Solid" Type="Arrow">
        <Comment/>
        <Graphics Color="000000" EndX="4650" EndY="2700" StartX="3100" StartY="2700"/>
    </Line>
    <Line Style="Solid" Type="Arrow">
        <Comment/>
        <Graphics Color="000000" EndX="4500" EndY="5400" StartX="5000" StartY="3150"/>
    </Line>
    <Line Style="Solid" Type="Arrow">
        <Comment/>
        <Graphics Color="000000" EndX="2900" EndY="7550" StartX="4350" StartY="6150"/>
    </Line>
    <Line Style="Solid" Type="Line">
        <Comment/>
        <Graphics Color="000000" EndX="2350" EndY="6800" StartX="2150" StartY="6800"/>
    </Line>
    <Line Style="Solid" Type="Line">
        <Comment/>
        <Graphics Color="000000" EndX="5400" EndY="8400" StartX="2550" StartY="8400"/>
    </Line>
    <Line Style="Solid" Type="Line">
        <Comment/>
        <Graphics Color="000000" EndX="3400" EndY="8250" StartX="3400" StartY="8400"/>
    </Line>
    <Line Style="Solid" Type="Arrow">
        <Comment/>
        <Graphics Color="000000" EndX="3800" EndY="8250" StartX="3400" StartY="8250"/>
    </Line>
    <Line Style="Solid" Type="Arrow">
        <Comment/>
        <Graphics Color="000000" EndX="17650" EndY="2450" StartX="18250" StartY="1850"/>
    </Line>
    <Line Style="Solid" Type="Arrow">
        <Comment/>
        <Graphics Color="000000" EndX="15250" EndY="2900" StartX="17100" StartY="2900"/>
    </Line>
    <Line Style="Solid" Type="Arrow">
        <Comment/>
        <Graphics Color="000000" EndX="16600" EndY="6350" StartX="16600" StartY="6350"/>
    </Line>
    <Line Style="Solid" Type="Arrow">
        <Comment/>
        <Graphics Color="000000" EndX="17200" EndY="3350" StartX="17100" StartY="3450"/>
    </Line>
    <Line Style="Solid" Type="Line">
        <Comment/>
        <Graphics Color="000000" EndX="14000" EndY="3050" StartX="14300" StartY="3050"/>
    </Line>
    <Line Style="Solid" Type="Arrow">
        <Comment/>
        <Graphics Color="000000" EndX="18300" EndY="3900" StartX="17600" StartY="3400"/>
    </Line>
    <Line Style="Solid" Type="Arrow">
        <Comment/>
        <Graphics Color="000000" EndX="16050" EndY="6100" StartX="17200" StartY="4900"/>
    </Line>
    <Line Style="Solid" Type="Arrow">
        <Comment/>
        <Graphics Color="000000" EndX="8450" EndY="3350" StartX="9500" StartY="2900"/>
    </Line>
    <Line Style="Solid" Type="Arrow">
        <Comment/>
        <Graphics Color="000000" EndX="12250" EndY="2800" StartX="10300" StartY="2800"/>
    </Line>
    <Line Style="Solid" Type="Line">
        <Comment/>
        <Graphics Color="000000" EndX="13050" EndY="1750" StartX="12750" StartY="2600"/>
    </Line>
    <Line Style="Solid" Type="Arrow">
        <Comment/>
        <Graphics Color="000000" EndX="9400" EndY="1250" StartX="9700" StartY="2400"/>
    </Line>
    <Line Style="Solid" Type="Arrow">
        <Comment/>
        <Graphics Color="000000" EndX="14700" EndY="6450" StartX="10600" StartY="5950"/>
    </Line>
    <Line Style="Solid" Type="Line">
        <Comment/>
        <Graphics Color="000000" EndX="9150" EndY="1300" StartX="8000" StartY="3250"/>
    </Line>
    <Line Style="Solid" Type="Line">
        <Comment/>
        <Graphics Color="000000" EndX="10300" EndY="5600" StartX="8000" StartY="3850"/>
    </Line>
    <LineShape Type="Tbar">
        <Comment/>
        <Graphics Color="000000" EndX="16100" EndY="850" StartX="10800" StartY="700"/>
    </LineShape>
    <LineShape Type="Tbar">
        <Comment/>
        <Graphics Color="000000" EndX="11350" EndY="2350" StartX="11350" StartY="1900"/>
    </LineShape>
    <LineShape Type="Tbar">
        <Comment/>
        <Graphics Color="000000" EndX="4600" EndY="1200" StartX="6250" StartY="900"/>
    </LineShape>
    <LineShape Type="Tbar">
        <Comment>Maeda Gadd45 regulates G2/m arrest</Comment>
        <Graphics Color="000000" EndX="16850" EndY="4400" StartX="8450" StartY="3750"/>
    </LineShape>
    <LineShape Type="Tbar">
        <Comment/>
        <Graphics Color="000000" EndX="7600" EndY="3200" StartX="7150" StartY="2750"/>
    </LineShape>
    <Arc>
        <Comment/>
        <Graphics Color="000000" Height="1400" Rotation="3.144562" StartX="10000" StartY="6100" Width="9522"/>
    </Arc>
    <Arc>
        <Comment/>
        <Graphics Color="000000" Height="304" Rotation="0.02309242" StartX="16150" StartY="3400" Width="951"/>
    </Arc>
    <Label TextLabel="G1 Cyclin">
        <Comment/>
        <Graphics CenterX="1550" CenterY="600" Color="000000" FontName="Arial" FontSize="10" FontWeight="Bold" Height="240" Width="980"/>
    </Label>
    <Label TextLabel="Cyclin Ds">
        <Comment/>
        <Graphics CenterX="3500" CenterY="600" Color="000000" FontName="Arial" FontSize="10" FontWeight="Bold" Height="240" Width="950"/>
    </Label>
    <Label TextLabel="p">
        <Comment/>
        <Graphics CenterX="4250" CenterY="2700" Color="000000" FontName="Arial" FontSize="12" FontWeight="Bold" Height="285" Width="230"/>
    </Label>
    <Label TextLabel="p">
        <Comment/>
        <Graphics CenterX="6050" CenterY="2750" Color="000000" FontName="Arial" FontSize="12" FontWeight="Bold" Height="285" Width="230"/>
    </Label>
    <Label TextLabel="p">
        <Comment/>
        <Graphics CenterX="4700" CenterY="3950" Color="000000" FontName="Arial" FontSize="12" FontWeight="Bold" Height="285" Width="230"/>
    </Label>
    <Label TextLabel="p">
        <Comment/>
        <Graphics CenterX="2550" CenterY="6800" Color="000000" FontName="Arial" FontSize="12" FontWeight="Bold" Height="285" Width="230"/>
    </Label>
    <Label TextLabel="E2f">
        <Comment/>
        <Graphics CenterX="5550" CenterY="5200" Color="000000" FontName="Arial" FontSize="12" FontWeight="Bold" Height="285" Width="455"/>
    </Label>
    <Label TextLabel="Rb">
        <Comment/>
        <Graphics CenterX="6850" CenterY="5250" Color="000000" FontName="Arial" FontSize="12" FontWeight="Bold" Height="285" Width="410"/>
    </Label>
    <Label TextLabel="dp1">
        <Comment/>
        <Graphics CenterX="3050" CenterY="5650" Color="000000" FontName="Arial" FontSize="12" FontWeight="Bold" Height="285" Width="515"/>
    </Label>
    <Label TextLabel="Dependent Kinases">
        <Comment/>
        <Graphics CenterX="1500" CenterY="800" Color="000000" FontName="Arial" FontSize="10" FontWeight="Bold" Height="240" Width="1910"/>
    </Label>
    <Label TextLabel="TTTCC/GCGC">
        <Comment/>
        <Graphics CenterX="2700" CenterY="8600" Color="000000" FontName="Arial" FontSize="10" FontWeight="Bold" Height="240" Width="1340"/>
    </Label>
    <Label TextLabel="Cell cycle DNA replication genes">
        <Comment/>
        <Graphics CenterX="5750" CenterY="8300" Color="000000" FontName="Arial" FontSize="12" FontWeight="Bold" Height="285" Width="3785"/>
    </Label>
    <Label TextLabel="G1 Phase">
        <Comment/>
        <Graphics CenterX="3600" CenterY="150" Color="000000" FontName="Arial" FontSize="12" FontWeight="Bold" Height="285" Width="1175"/>
    </Label>
    <Label TextLabel="G1/S transition Phase">
        <Comment/>
        <Graphics CenterX="17550" CenterY="200" Color="000000" FontName="Arial" FontSize="12" FontWeight="Bold" Height="285" Width="2540"/>
    </Label>
    <Label TextLabel="Dependent Kinases">
        <Comment/>
        <Graphics CenterX="17350" CenterY="1000" Color="000000" FontName="Arial" FontSize="10" FontWeight="Bold" Height="240" Width="1910"/>
    </Label>
    <Label TextLabel="Cyclin Es">
        <Comment/>
        <Graphics CenterX="19200" CenterY="900" Color="000000" FontName="Arial" FontSize="10" FontWeight="Bold" Height="240" Width="935"/>
    </Label>
    <Label TextLabel="G1/S transition Cyclin">
        <Comment/>
        <Graphics CenterX="17350" CenterY="750" Color="000000" FontName="Arial" FontSize="10" FontWeight="Bold" Height="240" Width="2120"/>
    </Label>
    <Label TextLabel="p">
        <Comment/>
        <Graphics CenterX="13950" CenterY="3050" Color="000000" FontName="Arial" FontSize="12" FontWeight="Bold" Height="285" Width="230"/>
    </Label>
    <Label TextLabel="inactive">
        <Comment/>
        <Graphics CenterX="14600" CenterY="2300" Color="000000" FontName="Arial" FontSize="12" FontWeight="Bold" Height="285" Width="965"/>
    </Label>
    <Label TextLabel="phosphorylation of proteins">
        <Comment/>
        <Graphics CenterX="18600" CenterY="4250" Color="000000" FontName="Arial" FontSize="12" FontWeight="Bold" Height="285" Width="3260"/>
    </Label>
    <Label TextLabel="involved in G1/S transition">
        <Comment/>
        <Graphics CenterX="18600" CenterY="4550" Color="000000" FontName="Arial" FontSize="12" FontWeight="Bold" Height="285" Width="3065"/>
    </Label>
    <Label TextLabel="DNA polymerases">
        <Comment/>
        <Graphics CenterX="15100" CenterY="7200" Color="000000" FontName="Arial" FontSize="12" FontWeight="Bold" Height="285" Width="2135"/>
    </Label>
    <Label TextLabel="DNA replication">
        <Comment/>
        <Graphics CenterX="15800" CenterY="6450" Color="000000" FontName="Arial" FontSize="12" FontWeight="Bold" Height="285" Width="1865"/>
    </Label>
    <Label TextLabel="origen recognition">
        <Comment/>
        <Graphics CenterX="13100" CenterY="6950" Color="000000" FontName="Arial" FontSize="12" FontWeight="Bold" Height="285" Width="2180"/>
    </Label>
    <Label TextLabel="complex">
        <Comment/>
        <Graphics CenterX="13050" CenterY="7300" Color="000000" FontName="Arial" FontSize="12" FontWeight="Bold" Height="285" Width="1055"/>
    </Label>
    <Label TextLabel="p">
        <Comment/>
        <Graphics CenterX="15650" CenterY="2900" Color="000000" FontName="Arial" FontSize="12" FontWeight="Bold" Height="285" Width="230"/>
    </Label>
    <Label TextLabel="G1/S Cell Cycle">
        <Comment/>
        <Graphics CenterX="10700" CenterY="3200" Color="000000" FontName="Arial" FontSize="12" FontWeight="Bold" Height="285" Width="1820"/>
    </Label>
    <Label TextLabel="Checkpoint">
        <Comment/>
        <Graphics CenterX="10700" CenterY="3500" Color="000000" FontName="Arial" FontSize="12" FontWeight="Bold" Height="285" Width="1400"/>
    </Label>
    <Label TextLabel="G2 Phase-M phase">
        <Comment/>
        <Graphics CenterX="3050" CenterY="9100" Color="000000" FontName="Arial" FontSize="12" FontWeight="Bold" Height="285" Width="2210"/>
    </Label>
    <Label TextLabel="u">
        <Comment/>
        <Graphics CenterX="12800" CenterY="2400" Color="000000" FontName="Arial" FontSize="12" FontWeight="Bold" Height="285" Width="230"/>
    </Label>
    <Label TextLabel="u">
        <Comment/>
        <Graphics CenterX="12900" CenterY="2200" Color="000000" FontName="Arial" FontSize="12" FontWeight="Bold" Height="285" Width="230"/>
    </Label>
    <Label TextLabel="u">
        <Comment/>
        <Graphics CenterX="13000" CenterY="1900" Color="000000" FontName="Arial" FontSize="12" FontWeight="Bold" Height="285" Width="230"/>
    </Label>
    <Label TextLabel="Degredation">
        <Comment/>
        <Graphics CenterX="13000" CenterY="3150" Color="000000" FontName="Arial" FontSize="12" FontWeight="Bold" Height="285" Width="1490"/>
    </Label>
    <Label TextLabel="p">
        <Comment/>
        <Graphics CenterX="11350" CenterY="2100" Color="000000" FontName="Arial" FontSize="12" FontWeight="Bold" Height="285" Width="230"/>
    </Label>
    <Label TextLabel="e">
        <Comment/>
        <Graphics CenterX="9550" CenterY="1750" Color="000000" FontName="Arial" FontSize="12" FontWeight="Bold" Height="285" Width="215"/>
    </Label>
    <Label TextLabel="cak">
        <Comment/>
        <Graphics CenterX="3600" CenterY="3900" Color="000000" FontName="Arial" FontSize="12" FontWeight="Bold" Height="285" Width="485"/>
    </Label>
    <Label TextLabel="b">
        <Comment/>
        <Graphics CenterX="8700" CenterY="2050" Color="000000" FontName="Arial" FontSize="12" FontWeight="Bold" Height="285" Width="230"/>
    </Label>
    <Label TextLabel="b">
        <Comment/>
        <Graphics CenterX="8800" CenterY="4450" Color="000000" FontName="Arial" FontSize="12" FontWeight="Bold" Height="285" Width="230"/>
    </Label>
    <Label TextLabel="e">
        <Comment/>
        <Graphics CenterX="7350" CenterY="2950" Color="000000" FontName="Arial" FontSize="12" FontWeight="Bold" Height="285" Width="215"/>
    </Label>
    <Shape Type="Rectangle">
        <Graphics CenterX="3400" CenterY="9950" Color="-1" Height="2138" Rotation="0" Width="4065"/>
    </Shape>
    <Brace>
        <Graphics CenterX="2550" CenterY="2050" Color="000000" Orientation="bottom" PicPointOffset="130" Width="3200"/>
    </Brace>
    <Brace>
        <Graphics CenterX="18250" CenterY="1800" Color="000000" Orientation="bottom" PicPointOffset="130" Width="3000"/>
    </Brace>
    <Brace>
        <Graphics CenterX="6400" CenterY="900" Color="000000" Orientation="left" PicPointOffset="130" Width="1500"/>
    </Brace>
</Pathway>

